BatchSize,CandidateProportion,Data,DensityWeight,DiversityWeight,K_BALD_Samples,Memory,ModelType,Partition,RashomonThreshold,RashomonThresholdType,Seed,SelectorType,TestProportion,Time,Type,UniqueErrorsInput,batch_size_train,dropout_rate,epochs,hidden_size,kernel_length_scale,kernel_nu,kernel_type,learning_rate,max_iter_predict,n_estimators,n_restarts_optimizer,optimizer,regularization,MethodName,JobName,Output
1,0.8,COMPAS,0,0,0.0,30000M,GaussianProcessClassifierPredictor,medium,0.0,Adder,0,PassiveLearningSelector,0.2,6-23:59:00,Classification,0,0.0,0.0,0.0,0.0,1.0,1.5,RBF,0.0,100.0,0,0.0,fmin_l_bfgs_b,0.0,GPC_PL,0CP_GPC_PL_B1_KTRBF_KLS1_KNU1.5,COMPAS/GaussianProcessClassifierPredictor/Raw/0CP_GPC_PL_B1_KTRBF_KLS1_KNU1.5.pkl
1,0.8,COMPAS,0,0,20.0,30000M,BayesianNeuralNetworkPredictor,medium,0.0,Adder,0,BALDSelector,0.2,6-23:59:00,Classification,0,32.0,0.2,100.0,50.0,0.0,0.0,,0.001,0.0,0,0.0,,0.0,BNN_BALD,0CP_BNN_BALD_B1_HS50_DR2_E100_LR001_BST32_K20,COMPAS/BayesianNeuralNetworkPredictor/Raw/0CP_BNN_BALD_B1_HS50_DR2_E100_LR001_BST32_K20.pkl
1,0.8,COMPAS,0,0,20.0,30000M,GaussianProcessClassifierPredictor,medium,0.0,Adder,0,BALDSelector,0.2,6-23:59:00,Classification,0,0.0,0.0,0.0,0.0,1.0,1.5,RBF,0.0,100.0,0,0.0,fmin_l_bfgs_b,0.0,GPC_BALD,0CP_GPC_BALD_B1_KTRBF_KLS1_KNU1.5_K20,COMPAS/GaussianProcessClassifierPredictor/Raw/0CP_GPC_BALD_B1_KTRBF_KLS1_KNU1.5_K20.pkl
1,0.8,COMPAS,0,0,0.0,30000M,LFRPredictor,medium,0.5,Adder,0,BatchQBCSelector,0.2,6-23:59:00,Classification,1,0.0,0.0,0.0,0.0,0.0,0.0,,0.0,0.0,100,0.0,,0.01,Ulfr,0CP_Ulfr_A5_DW0_DEW0_B1,COMPAS/LFRPredictor/Raw/0CP_Ulfr_A5_DW0_DEW0_B1.pkl
1,0.8,COMPAS,0,0,0.0,30000M,LFRPredictor,medium,0.5,Adder,0,BatchQBCSelector,0.2,6-23:59:00,Classification,0,0.0,0.0,0.0,0.0,0.0,0.0,,0.0,0.0,100,0.0,,0.01,Dlfr,0CP_Dlfr_A5_DW0_DEW0_B1,COMPAS/LFRPredictor/Raw/0CP_Dlfr_A5_DW0_DEW0_B1.pkl
1,0.8,COMPAS,0,0,20.0,30000M,BayesianNeuralNetworkPredictor,medium,0.0,Adder,0,PassiveLearningSelector,0.2,6-23:59:00,Classification,0,32.0,0.2,100.0,50.0,0.0,0.0,,0.001,0.0,0,0.0,,0.0,BNN_PL,0CP_BNN_PL_B1_HS50_DR2_E100_LR001_BST32,COMPAS/BayesianNeuralNetworkPredictor/Raw/0CP_BNN_PL_B1_HS50_DR2_E100_LR001_BST32.pkl
1,0.8,COMPAS,0,0,20.0,30000M,BayesianNeuralNetworkPredictor,medium,0.0,Adder,1,BALDSelector,0.2,6-23:59:00,Classification,0,32.0,0.2,100.0,50.0,0.0,0.0,,0.001,0.0,0,0.0,,0.0,BNN_BALD,1CP_BNN_BALD_B1_HS50_DR2_E100_LR001_BST32_K20,COMPAS/BayesianNeuralNetworkPredictor/Raw/1CP_BNN_BALD_B1_HS50_DR2_E100_LR001_BST32_K20.pkl
1,0.8,COMPAS,0,0,0.0,30000M,GaussianProcessClassifierPredictor,medium,0.0,Adder,1,PassiveLearningSelector,0.2,6-23:59:00,Classification,0,0.0,0.0,0.0,0.0,1.0,1.5,RBF,0.0,100.0,0,0.0,fmin_l_bfgs_b,0.0,GPC_PL,1CP_GPC_PL_B1_KTRBF_KLS1_KNU1.5,COMPAS/GaussianProcessClassifierPredictor/Raw/1CP_GPC_PL_B1_KTRBF_KLS1_KNU1.5.pkl
1,0.8,COMPAS,0,0,0.0,30000M,LFRPredictor,medium,0.5,Adder,1,BatchQBCSelector,0.2,6-23:59:00,Classification,0,0.0,0.0,0.0,0.0,0.0,0.0,,0.0,0.0,100,0.0,,0.01,Dlfr,1CP_Dlfr_A5_DW0_DEW0_B1,COMPAS/LFRPredictor/Raw/1CP_Dlfr_A5_DW0_DEW0_B1.pkl
1,0.8,COMPAS,0,0,20.0,30000M,GaussianProcessClassifierPredictor,medium,0.0,Adder,1,BALDSelector,0.2,6-23:59:00,Classification,0,0.0,0.0,0.0,0.0,1.0,1.5,RBF,0.0,100.0,0,0.0,fmin_l_bfgs_b,0.0,GPC_BALD,1CP_GPC_BALD_B1_KTRBF_KLS1_KNU1.5_K20,COMPAS/GaussianProcessClassifierPredictor/Raw/1CP_GPC_BALD_B1_KTRBF_KLS1_KNU1.5_K20.pkl
1,0.8,COMPAS,0,0,20.0,30000M,BayesianNeuralNetworkPredictor,medium,0.0,Adder,1,PassiveLearningSelector,0.2,6-23:59:00,Classification,0,32.0,0.2,100.0,50.0,0.0,0.0,,0.001,0.0,0,0.0,,0.0,BNN_PL,1CP_BNN_PL_B1_HS50_DR2_E100_LR001_BST32,COMPAS/BayesianNeuralNetworkPredictor/Raw/1CP_BNN_PL_B1_HS50_DR2_E100_LR001_BST32.pkl
1,0.8,COMPAS,0,0,0.0,30000M,LFRPredictor,medium,0.5,Adder,1,BatchQBCSelector,0.2,6-23:59:00,Classification,1,0.0,0.0,0.0,0.0,0.0,0.0,,0.0,0.0,100,0.0,,0.01,Ulfr,1CP_Ulfr_A5_DW0_DEW0_B1,COMPAS/LFRPredictor/Raw/1CP_Ulfr_A5_DW0_DEW0_B1.pkl
1,0.8,COMPAS,0,0,0.0,30000M,GaussianProcessClassifierPredictor,medium,0.0,Adder,2,PassiveLearningSelector,0.2,6-23:59:00,Classification,0,0.0,0.0,0.0,0.0,1.0,1.5,RBF,0.0,100.0,0,0.0,fmin_l_bfgs_b,0.0,GPC_PL,2CP_GPC_PL_B1_KTRBF_KLS1_KNU1.5,COMPAS/GaussianProcessClassifierPredictor/Raw/2CP_GPC_PL_B1_KTRBF_KLS1_KNU1.5.pkl
1,0.8,COMPAS,0,0,0.0,30000M,LFRPredictor,medium,0.5,Adder,2,BatchQBCSelector,0.2,6-23:59:00,Classification,0,0.0,0.0,0.0,0.0,0.0,0.0,,0.0,0.0,100,0.0,,0.01,Dlfr,2CP_Dlfr_A5_DW0_DEW0_B1,COMPAS/LFRPredictor/Raw/2CP_Dlfr_A5_DW0_DEW0_B1.pkl
1,0.8,COMPAS,0,0,20.0,30000M,BayesianNeuralNetworkPredictor,medium,0.0,Adder,2,PassiveLearningSelector,0.2,6-23:59:00,Classification,0,32.0,0.2,100.0,50.0,0.0,0.0,,0.001,0.0,0,0.0,,0.0,BNN_PL,2CP_BNN_PL_B1_HS50_DR2_E100_LR001_BST32,COMPAS/BayesianNeuralNetworkPredictor/Raw/2CP_BNN_PL_B1_HS50_DR2_E100_LR001_BST32.pkl
1,0.8,COMPAS,0,0,20.0,30000M,GaussianProcessClassifierPredictor,medium,0.0,Adder,2,BALDSelector,0.2,6-23:59:00,Classification,0,0.0,0.0,0.0,0.0,1.0,1.5,RBF,0.0,100.0,0,0.0,fmin_l_bfgs_b,0.0,GPC_BALD,2CP_GPC_BALD_B1_KTRBF_KLS1_KNU1.5_K20,COMPAS/GaussianProcessClassifierPredictor/Raw/2CP_GPC_BALD_B1_KTRBF_KLS1_KNU1.5_K20.pkl
1,0.8,COMPAS,0,0,20.0,30000M,BayesianNeuralNetworkPredictor,medium,0.0,Adder,2,BALDSelector,0.2,6-23:59:00,Classification,0,32.0,0.2,100.0,50.0,0.0,0.0,,0.001,0.0,0,0.0,,0.0,BNN_BALD,2CP_BNN_BALD_B1_HS50_DR2_E100_LR001_BST32_K20,COMPAS/BayesianNeuralNetworkPredictor/Raw/2CP_BNN_BALD_B1_HS50_DR2_E100_LR001_BST32_K20.pkl
1,0.8,COMPAS,0,0,0.0,30000M,LFRPredictor,medium,0.5,Adder,2,BatchQBCSelector,0.2,6-23:59:00,Classification,1,0.0,0.0,0.0,0.0,0.0,0.0,,0.0,0.0,100,0.0,,0.01,Ulfr,2CP_Ulfr_A5_DW0_DEW0_B1,COMPAS/LFRPredictor/Raw/2CP_Ulfr_A5_DW0_DEW0_B1.pkl
1,0.8,COMPAS,0,0,20.0,30000M,BayesianNeuralNetworkPredictor,medium,0.0,Adder,3,BALDSelector,0.2,6-23:59:00,Classification,0,32.0,0.2,100.0,50.0,0.0,0.0,,0.001,0.0,0,0.0,,0.0,BNN_BALD,3CP_BNN_BALD_B1_HS50_DR2_E100_LR001_BST32_K20,COMPAS/BayesianNeuralNetworkPredictor/Raw/3CP_BNN_BALD_B1_HS50_DR2_E100_LR001_BST32_K20.pkl
1,0.8,COMPAS,0,0,0.0,30000M,GaussianProcessClassifierPredictor,medium,0.0,Adder,3,PassiveLearningSelector,0.2,6-23:59:00,Classification,0,0.0,0.0,0.0,0.0,1.0,1.5,RBF,0.0,100.0,0,0.0,fmin_l_bfgs_b,0.0,GPC_PL,3CP_GPC_PL_B1_KTRBF_KLS1_KNU1.5,COMPAS/GaussianProcessClassifierPredictor/Raw/3CP_GPC_PL_B1_KTRBF_KLS1_KNU1.5.pkl
1,0.8,COMPAS,0,0,20.0,30000M,GaussianProcessClassifierPredictor,medium,0.0,Adder,3,BALDSelector,0.2,6-23:59:00,Classification,0,0.0,0.0,0.0,0.0,1.0,1.5,RBF,0.0,100.0,0,0.0,fmin_l_bfgs_b,0.0,GPC_BALD,3CP_GPC_BALD_B1_KTRBF_KLS1_KNU1.5_K20,COMPAS/GaussianProcessClassifierPredictor/Raw/3CP_GPC_BALD_B1_KTRBF_KLS1_KNU1.5_K20.pkl
1,0.8,COMPAS,0,0,20.0,30000M,BayesianNeuralNetworkPredictor,medium,0.0,Adder,3,PassiveLearningSelector,0.2,6-23:59:00,Classification,0,32.0,0.2,100.0,50.0,0.0,0.0,,0.001,0.0,0,0.0,,0.0,BNN_PL,3CP_BNN_PL_B1_HS50_DR2_E100_LR001_BST32,COMPAS/BayesianNeuralNetworkPredictor/Raw/3CP_BNN_PL_B1_HS50_DR2_E100_LR001_BST32.pkl
1,0.8,COMPAS,0,0,0.0,30000M,LFRPredictor,medium,0.5,Adder,3,BatchQBCSelector,0.2,6-23:59:00,Classification,0,0.0,0.0,0.0,0.0,0.0,0.0,,0.0,0.0,100,0.0,,0.01,Dlfr,3CP_Dlfr_A5_DW0_DEW0_B1,COMPAS/LFRPredictor/Raw/3CP_Dlfr_A5_DW0_DEW0_B1.pkl
1,0.8,COMPAS,0,0,0.0,30000M,LFRPredictor,medium,0.5,Adder,3,BatchQBCSelector,0.2,6-23:59:00,Classification,1,0.0,0.0,0.0,0.0,0.0,0.0,,0.0,0.0,100,0.0,,0.01,Ulfr,3CP_Ulfr_A5_DW0_DEW0_B1,COMPAS/LFRPredictor/Raw/3CP_Ulfr_A5_DW0_DEW0_B1.pkl
1,0.8,COMPAS,0,0,0.0,30000M,LFRPredictor,medium,0.5,Adder,4,BatchQBCSelector,0.2,6-23:59:00,Classification,1,0.0,0.0,0.0,0.0,0.0,0.0,,0.0,0.0,100,0.0,,0.01,Ulfr,4CP_Ulfr_A5_DW0_DEW0_B1,COMPAS/LFRPredictor/Raw/4CP_Ulfr_A5_DW0_DEW0_B1.pkl
1,0.8,COMPAS,0,0,20.0,30000M,GaussianProcessClassifierPredictor,medium,0.0,Adder,4,BALDSelector,0.2,6-23:59:00,Classification,0,0.0,0.0,0.0,0.0,1.0,1.5,RBF,0.0,100.0,0,0.0,fmin_l_bfgs_b,0.0,GPC_BALD,4CP_GPC_BALD_B1_KTRBF_KLS1_KNU1.5_K20,COMPAS/GaussianProcessClassifierPredictor/Raw/4CP_GPC_BALD_B1_KTRBF_KLS1_KNU1.5_K20.pkl
1,0.8,COMPAS,0,0,0.0,30000M,GaussianProcessClassifierPredictor,medium,0.0,Adder,4,PassiveLearningSelector,0.2,6-23:59:00,Classification,0,0.0,0.0,0.0,0.0,1.0,1.5,RBF,0.0,100.0,0,0.0,fmin_l_bfgs_b,0.0,GPC_PL,4CP_GPC_PL_B1_KTRBF_KLS1_KNU1.5,COMPAS/GaussianProcessClassifierPredictor/Raw/4CP_GPC_PL_B1_KTRBF_KLS1_KNU1.5.pkl
1,0.8,COMPAS,0,0,0.0,30000M,LFRPredictor,medium,0.5,Adder,4,BatchQBCSelector,0.2,6-23:59:00,Classification,0,0.0,0.0,0.0,0.0,0.0,0.0,,0.0,0.0,100,0.0,,0.01,Dlfr,4CP_Dlfr_A5_DW0_DEW0_B1,COMPAS/LFRPredictor/Raw/4CP_Dlfr_A5_DW0_DEW0_B1.pkl
1,0.8,COMPAS,0,0,20.0,30000M,BayesianNeuralNetworkPredictor,medium,0.0,Adder,4,BALDSelector,0.2,6-23:59:00,Classification,0,32.0,0.2,100.0,50.0,0.0,0.0,,0.001,0.0,0,0.0,,0.0,BNN_BALD,4CP_BNN_BALD_B1_HS50_DR2_E100_LR001_BST32_K20,COMPAS/BayesianNeuralNetworkPredictor/Raw/4CP_BNN_BALD_B1_HS50_DR2_E100_LR001_BST32_K20.pkl
1,0.8,COMPAS,0,0,20.0,30000M,BayesianNeuralNetworkPredictor,medium,0.0,Adder,4,PassiveLearningSelector,0.2,6-23:59:00,Classification,0,32.0,0.2,100.0,50.0,0.0,0.0,,0.001,0.0,0,0.0,,0.0,BNN_PL,4CP_BNN_PL_B1_HS50_DR2_E100_LR001_BST32,COMPAS/BayesianNeuralNetworkPredictor/Raw/4CP_BNN_PL_B1_HS50_DR2_E100_LR001_BST32.pkl
1,0.8,COMPAS,0,0,0.0,30000M,LFRPredictor,medium,0.5,Adder,5,BatchQBCSelector,0.2,6-23:59:00,Classification,1,0.0,0.0,0.0,0.0,0.0,0.0,,0.0,0.0,100,0.0,,0.01,Ulfr,5CP_Ulfr_A5_DW0_DEW0_B1,COMPAS/LFRPredictor/Raw/5CP_Ulfr_A5_DW0_DEW0_B1.pkl
1,0.8,COMPAS,0,0,20.0,30000M,GaussianProcessClassifierPredictor,medium,0.0,Adder,5,BALDSelector,0.2,6-23:59:00,Classification,0,0.0,0.0,0.0,0.0,1.0,1.5,RBF,0.0,100.0,0,0.0,fmin_l_bfgs_b,0.0,GPC_BALD,5CP_GPC_BALD_B1_KTRBF_KLS1_KNU1.5_K20,COMPAS/GaussianProcessClassifierPredictor/Raw/5CP_GPC_BALD_B1_KTRBF_KLS1_KNU1.5_K20.pkl
1,0.8,COMPAS,0,0,0.0,30000M,GaussianProcessClassifierPredictor,medium,0.0,Adder,5,PassiveLearningSelector,0.2,6-23:59:00,Classification,0,0.0,0.0,0.0,0.0,1.0,1.5,RBF,0.0,100.0,0,0.0,fmin_l_bfgs_b,0.0,GPC_PL,5CP_GPC_PL_B1_KTRBF_KLS1_KNU1.5,COMPAS/GaussianProcessClassifierPredictor/Raw/5CP_GPC_PL_B1_KTRBF_KLS1_KNU1.5.pkl
1,0.8,COMPAS,0,0,20.0,30000M,BayesianNeuralNetworkPredictor,medium,0.0,Adder,5,PassiveLearningSelector,0.2,6-23:59:00,Classification,0,32.0,0.2,100.0,50.0,0.0,0.0,,0.001,0.0,0,0.0,,0.0,BNN_PL,5CP_BNN_PL_B1_HS50_DR2_E100_LR001_BST32,COMPAS/BayesianNeuralNetworkPredictor/Raw/5CP_BNN_PL_B1_HS50_DR2_E100_LR001_BST32.pkl
1,0.8,COMPAS,0,0,20.0,30000M,BayesianNeuralNetworkPredictor,medium,0.0,Adder,5,BALDSelector,0.2,6-23:59:00,Classification,0,32.0,0.2,100.0,50.0,0.0,0.0,,0.001,0.0,0,0.0,,0.0,BNN_BALD,5CP_BNN_BALD_B1_HS50_DR2_E100_LR001_BST32_K20,COMPAS/BayesianNeuralNetworkPredictor/Raw/5CP_BNN_BALD_B1_HS50_DR2_E100_LR001_BST32_K20.pkl
1,0.8,COMPAS,0,0,0.0,30000M,LFRPredictor,medium,0.5,Adder,5,BatchQBCSelector,0.2,6-23:59:00,Classification,0,0.0,0.0,0.0,0.0,0.0,0.0,,0.0,0.0,100,0.0,,0.01,Dlfr,5CP_Dlfr_A5_DW0_DEW0_B1,COMPAS/LFRPredictor/Raw/5CP_Dlfr_A5_DW0_DEW0_B1.pkl
1,0.8,COMPAS,0,0,20.0,30000M,BayesianNeuralNetworkPredictor,medium,0.0,Adder,6,PassiveLearningSelector,0.2,6-23:59:00,Classification,0,32.0,0.2,100.0,50.0,0.0,0.0,,0.001,0.0,0,0.0,,0.0,BNN_PL,6CP_BNN_PL_B1_HS50_DR2_E100_LR001_BST32,COMPAS/BayesianNeuralNetworkPredictor/Raw/6CP_BNN_PL_B1_HS50_DR2_E100_LR001_BST32.pkl
1,0.8,COMPAS,0,0,0.0,30000M,GaussianProcessClassifierPredictor,medium,0.0,Adder,6,PassiveLearningSelector,0.2,6-23:59:00,Classification,0,0.0,0.0,0.0,0.0,1.0,1.5,RBF,0.0,100.0,0,0.0,fmin_l_bfgs_b,0.0,GPC_PL,6CP_GPC_PL_B1_KTRBF_KLS1_KNU1.5,COMPAS/GaussianProcessClassifierPredictor/Raw/6CP_GPC_PL_B1_KTRBF_KLS1_KNU1.5.pkl
1,0.8,COMPAS,0,0,0.0,30000M,LFRPredictor,medium,0.5,Adder,6,BatchQBCSelector,0.2,6-23:59:00,Classification,0,0.0,0.0,0.0,0.0,0.0,0.0,,0.0,0.0,100,0.0,,0.01,Dlfr,6CP_Dlfr_A5_DW0_DEW0_B1,COMPAS/LFRPredictor/Raw/6CP_Dlfr_A5_DW0_DEW0_B1.pkl
1,0.8,COMPAS,0,0,0.0,30000M,LFRPredictor,medium,0.5,Adder,6,BatchQBCSelector,0.2,6-23:59:00,Classification,1,0.0,0.0,0.0,0.0,0.0,0.0,,0.0,0.0,100,0.0,,0.01,Ulfr,6CP_Ulfr_A5_DW0_DEW0_B1,COMPAS/LFRPredictor/Raw/6CP_Ulfr_A5_DW0_DEW0_B1.pkl
1,0.8,COMPAS,0,0,20.0,30000M,BayesianNeuralNetworkPredictor,medium,0.0,Adder,6,BALDSelector,0.2,6-23:59:00,Classification,0,32.0,0.2,100.0,50.0,0.0,0.0,,0.001,0.0,0,0.0,,0.0,BNN_BALD,6CP_BNN_BALD_B1_HS50_DR2_E100_LR001_BST32_K20,COMPAS/BayesianNeuralNetworkPredictor/Raw/6CP_BNN_BALD_B1_HS50_DR2_E100_LR001_BST32_K20.pkl
1,0.8,COMPAS,0,0,20.0,30000M,GaussianProcessClassifierPredictor,medium,0.0,Adder,6,BALDSelector,0.2,6-23:59:00,Classification,0,0.0,0.0,0.0,0.0,1.0,1.5,RBF,0.0,100.0,0,0.0,fmin_l_bfgs_b,0.0,GPC_BALD,6CP_GPC_BALD_B1_KTRBF_KLS1_KNU1.5_K20,COMPAS/GaussianProcessClassifierPredictor/Raw/6CP_GPC_BALD_B1_KTRBF_KLS1_KNU1.5_K20.pkl
1,0.8,COMPAS,0,0,20.0,30000M,BayesianNeuralNetworkPredictor,medium,0.0,Adder,7,PassiveLearningSelector,0.2,6-23:59:00,Classification,0,32.0,0.2,100.0,50.0,0.0,0.0,,0.001,0.0,0,0.0,,0.0,BNN_PL,7CP_BNN_PL_B1_HS50_DR2_E100_LR001_BST32,COMPAS/BayesianNeuralNetworkPredictor/Raw/7CP_BNN_PL_B1_HS50_DR2_E100_LR001_BST32.pkl
1,0.8,COMPAS,0,0,20.0,30000M,BayesianNeuralNetworkPredictor,medium,0.0,Adder,7,BALDSelector,0.2,6-23:59:00,Classification,0,32.0,0.2,100.0,50.0,0.0,0.0,,0.001,0.0,0,0.0,,0.0,BNN_BALD,7CP_BNN_BALD_B1_HS50_DR2_E100_LR001_BST32_K20,COMPAS/BayesianNeuralNetworkPredictor/Raw/7CP_BNN_BALD_B1_HS50_DR2_E100_LR001_BST32_K20.pkl
1,0.8,COMPAS,0,0,20.0,30000M,GaussianProcessClassifierPredictor,medium,0.0,Adder,7,BALDSelector,0.2,6-23:59:00,Classification,0,0.0,0.0,0.0,0.0,1.0,1.5,RBF,0.0,100.0,0,0.0,fmin_l_bfgs_b,0.0,GPC_BALD,7CP_GPC_BALD_B1_KTRBF_KLS1_KNU1.5_K20,COMPAS/GaussianProcessClassifierPredictor/Raw/7CP_GPC_BALD_B1_KTRBF_KLS1_KNU1.5_K20.pkl
1,0.8,COMPAS,0,0,0.0,30000M,LFRPredictor,medium,0.5,Adder,7,BatchQBCSelector,0.2,6-23:59:00,Classification,1,0.0,0.0,0.0,0.0,0.0,0.0,,0.0,0.0,100,0.0,,0.01,Ulfr,7CP_Ulfr_A5_DW0_DEW0_B1,COMPAS/LFRPredictor/Raw/7CP_Ulfr_A5_DW0_DEW0_B1.pkl
1,0.8,COMPAS,0,0,0.0,30000M,LFRPredictor,medium,0.5,Adder,7,BatchQBCSelector,0.2,6-23:59:00,Classification,0,0.0,0.0,0.0,0.0,0.0,0.0,,0.0,0.0,100,0.0,,0.01,Dlfr,7CP_Dlfr_A5_DW0_DEW0_B1,COMPAS/LFRPredictor/Raw/7CP_Dlfr_A5_DW0_DEW0_B1.pkl
1,0.8,COMPAS,0,0,0.0,30000M,GaussianProcessClassifierPredictor,medium,0.0,Adder,7,PassiveLearningSelector,0.2,6-23:59:00,Classification,0,0.0,0.0,0.0,0.0,1.0,1.5,RBF,0.0,100.0,0,0.0,fmin_l_bfgs_b,0.0,GPC_PL,7CP_GPC_PL_B1_KTRBF_KLS1_KNU1.5,COMPAS/GaussianProcessClassifierPredictor/Raw/7CP_GPC_PL_B1_KTRBF_KLS1_KNU1.5.pkl
1,0.8,COMPAS,0,0,20.0,30000M,BayesianNeuralNetworkPredictor,medium,0.0,Adder,8,BALDSelector,0.2,6-23:59:00,Classification,0,32.0,0.2,100.0,50.0,0.0,0.0,,0.001,0.0,0,0.0,,0.0,BNN_BALD,8CP_BNN_BALD_B1_HS50_DR2_E100_LR001_BST32_K20,COMPAS/BayesianNeuralNetworkPredictor/Raw/8CP_BNN_BALD_B1_HS50_DR2_E100_LR001_BST32_K20.pkl
1,0.8,COMPAS,0,0,0.0,30000M,LFRPredictor,medium,0.5,Adder,8,BatchQBCSelector,0.2,6-23:59:00,Classification,1,0.0,0.0,0.0,0.0,0.0,0.0,,0.0,0.0,100,0.0,,0.01,Ulfr,8CP_Ulfr_A5_DW0_DEW0_B1,COMPAS/LFRPredictor/Raw/8CP_Ulfr_A5_DW0_DEW0_B1.pkl
1,0.8,COMPAS,0,0,20.0,30000M,BayesianNeuralNetworkPredictor,medium,0.0,Adder,8,PassiveLearningSelector,0.2,6-23:59:00,Classification,0,32.0,0.2,100.0,50.0,0.0,0.0,,0.001,0.0,0,0.0,,0.0,BNN_PL,8CP_BNN_PL_B1_HS50_DR2_E100_LR001_BST32,COMPAS/BayesianNeuralNetworkPredictor/Raw/8CP_BNN_PL_B1_HS50_DR2_E100_LR001_BST32.pkl
1,0.8,COMPAS,0,0,0.0,30000M,LFRPredictor,medium,0.5,Adder,8,BatchQBCSelector,0.2,6-23:59:00,Classification,0,0.0,0.0,0.0,0.0,0.0,0.0,,0.0,0.0,100,0.0,,0.01,Dlfr,8CP_Dlfr_A5_DW0_DEW0_B1,COMPAS/LFRPredictor/Raw/8CP_Dlfr_A5_DW0_DEW0_B1.pkl
1,0.8,COMPAS,0,0,20.0,30000M,GaussianProcessClassifierPredictor,medium,0.0,Adder,8,BALDSelector,0.2,6-23:59:00,Classification,0,0.0,0.0,0.0,0.0,1.0,1.5,RBF,0.0,100.0,0,0.0,fmin_l_bfgs_b,0.0,GPC_BALD,8CP_GPC_BALD_B1_KTRBF_KLS1_KNU1.5_K20,COMPAS/GaussianProcessClassifierPredictor/Raw/8CP_GPC_BALD_B1_KTRBF_KLS1_KNU1.5_K20.pkl
1,0.8,COMPAS,0,0,0.0,30000M,GaussianProcessClassifierPredictor,medium,0.0,Adder,8,PassiveLearningSelector,0.2,6-23:59:00,Classification,0,0.0,0.0,0.0,0.0,1.0,1.5,RBF,0.0,100.0,0,0.0,fmin_l_bfgs_b,0.0,GPC_PL,8CP_GPC_PL_B1_KTRBF_KLS1_KNU1.5,COMPAS/GaussianProcessClassifierPredictor/Raw/8CP_GPC_PL_B1_KTRBF_KLS1_KNU1.5.pkl
1,0.8,COMPAS,0,0,0.0,30000M,LFRPredictor,medium,0.5,Adder,9,BatchQBCSelector,0.2,6-23:59:00,Classification,0,0.0,0.0,0.0,0.0,0.0,0.0,,0.0,0.0,100,0.0,,0.01,Dlfr,9CP_Dlfr_A5_DW0_DEW0_B1,COMPAS/LFRPredictor/Raw/9CP_Dlfr_A5_DW0_DEW0_B1.pkl
1,0.8,COMPAS,0,0,20.0,30000M,GaussianProcessClassifierPredictor,medium,0.0,Adder,9,BALDSelector,0.2,6-23:59:00,Classification,0,0.0,0.0,0.0,0.0,1.0,1.5,RBF,0.0,100.0,0,0.0,fmin_l_bfgs_b,0.0,GPC_BALD,9CP_GPC_BALD_B1_KTRBF_KLS1_KNU1.5_K20,COMPAS/GaussianProcessClassifierPredictor/Raw/9CP_GPC_BALD_B1_KTRBF_KLS1_KNU1.5_K20.pkl
1,0.8,COMPAS,0,0,0.0,30000M,GaussianProcessClassifierPredictor,medium,0.0,Adder,9,PassiveLearningSelector,0.2,6-23:59:00,Classification,0,0.0,0.0,0.0,0.0,1.0,1.5,RBF,0.0,100.0,0,0.0,fmin_l_bfgs_b,0.0,GPC_PL,9CP_GPC_PL_B1_KTRBF_KLS1_KNU1.5,COMPAS/GaussianProcessClassifierPredictor/Raw/9CP_GPC_PL_B1_KTRBF_KLS1_KNU1.5.pkl
1,0.8,COMPAS,0,0,20.0,30000M,BayesianNeuralNetworkPredictor,medium,0.0,Adder,9,PassiveLearningSelector,0.2,6-23:59:00,Classification,0,32.0,0.2,100.0,50.0,0.0,0.0,,0.001,0.0,0,0.0,,0.0,BNN_PL,9CP_BNN_PL_B1_HS50_DR2_E100_LR001_BST32,COMPAS/BayesianNeuralNetworkPredictor/Raw/9CP_BNN_PL_B1_HS50_DR2_E100_LR001_BST32.pkl
1,0.8,COMPAS,0,0,0.0,30000M,LFRPredictor,medium,0.5,Adder,9,BatchQBCSelector,0.2,6-23:59:00,Classification,1,0.0,0.0,0.0,0.0,0.0,0.0,,0.0,0.0,100,0.0,,0.01,Ulfr,9CP_Ulfr_A5_DW0_DEW0_B1,COMPAS/LFRPredictor/Raw/9CP_Ulfr_A5_DW0_DEW0_B1.pkl
1,0.8,COMPAS,0,0,20.0,30000M,BayesianNeuralNetworkPredictor,medium,0.0,Adder,9,BALDSelector,0.2,6-23:59:00,Classification,0,32.0,0.2,100.0,50.0,0.0,0.0,,0.001,0.0,0,0.0,,0.0,BNN_BALD,9CP_BNN_BALD_B1_HS50_DR2_E100_LR001_BST32_K20,COMPAS/BayesianNeuralNetworkPredictor/Raw/9CP_BNN_BALD_B1_HS50_DR2_E100_LR001_BST32_K20.pkl
1,0.8,COMPAS,0,0,0.0,30000M,GaussianProcessClassifierPredictor,medium,0.0,Adder,10,PassiveLearningSelector,0.2,6-23:59:00,Classification,0,0.0,0.0,0.0,0.0,1.0,1.5,RBF,0.0,100.0,0,0.0,fmin_l_bfgs_b,0.0,GPC_PL,10CP_GPC_PL_B1_KTRBF_KLS1_KNU1.5,COMPAS/GaussianProcessClassifierPredictor/Raw/10CP_GPC_PL_B1_KTRBF_KLS1_KNU1.5.pkl
1,0.8,COMPAS,0,0,0.0,30000M,LFRPredictor,medium,0.5,Adder,10,BatchQBCSelector,0.2,6-23:59:00,Classification,0,0.0,0.0,0.0,0.0,0.0,0.0,,0.0,0.0,100,0.0,,0.01,Dlfr,10CP_Dlfr_A5_DW0_DEW0_B1,COMPAS/LFRPredictor/Raw/10CP_Dlfr_A5_DW0_DEW0_B1.pkl
1,0.8,COMPAS,0,0,20.0,30000M,BayesianNeuralNetworkPredictor,medium,0.0,Adder,10,PassiveLearningSelector,0.2,6-23:59:00,Classification,0,32.0,0.2,100.0,50.0,0.0,0.0,,0.001,0.0,0,0.0,,0.0,BNN_PL,10CP_BNN_PL_B1_HS50_DR2_E100_LR001_BST32,COMPAS/BayesianNeuralNetworkPredictor/Raw/10CP_BNN_PL_B1_HS50_DR2_E100_LR001_BST32.pkl
1,0.8,COMPAS,0,0,20.0,30000M,BayesianNeuralNetworkPredictor,medium,0.0,Adder,10,BALDSelector,0.2,6-23:59:00,Classification,0,32.0,0.2,100.0,50.0,0.0,0.0,,0.001,0.0,0,0.0,,0.0,BNN_BALD,10CP_BNN_BALD_B1_HS50_DR2_E100_LR001_BST32_K20,COMPAS/BayesianNeuralNetworkPredictor/Raw/10CP_BNN_BALD_B1_HS50_DR2_E100_LR001_BST32_K20.pkl
1,0.8,COMPAS,0,0,20.0,30000M,GaussianProcessClassifierPredictor,medium,0.0,Adder,10,BALDSelector,0.2,6-23:59:00,Classification,0,0.0,0.0,0.0,0.0,1.0,1.5,RBF,0.0,100.0,0,0.0,fmin_l_bfgs_b,0.0,GPC_BALD,10CP_GPC_BALD_B1_KTRBF_KLS1_KNU1.5_K20,COMPAS/GaussianProcessClassifierPredictor/Raw/10CP_GPC_BALD_B1_KTRBF_KLS1_KNU1.5_K20.pkl
1,0.8,COMPAS,0,0,0.0,30000M,LFRPredictor,medium,0.5,Adder,10,BatchQBCSelector,0.2,6-23:59:00,Classification,1,0.0,0.0,0.0,0.0,0.0,0.0,,0.0,0.0,100,0.0,,0.01,Ulfr,10CP_Ulfr_A5_DW0_DEW0_B1,COMPAS/LFRPredictor/Raw/10CP_Ulfr_A5_DW0_DEW0_B1.pkl
1,0.8,COMPAS,0,0,0.0,30000M,LFRPredictor,medium,0.5,Adder,11,BatchQBCSelector,0.2,6-23:59:00,Classification,1,0.0,0.0,0.0,0.0,0.0,0.0,,0.0,0.0,100,0.0,,0.01,Ulfr,11CP_Ulfr_A5_DW0_DEW0_B1,COMPAS/LFRPredictor/Raw/11CP_Ulfr_A5_DW0_DEW0_B1.pkl
1,0.8,COMPAS,0,0,20.0,30000M,BayesianNeuralNetworkPredictor,medium,0.0,Adder,11,BALDSelector,0.2,6-23:59:00,Classification,0,32.0,0.2,100.0,50.0,0.0,0.0,,0.001,0.0,0,0.0,,0.0,BNN_BALD,11CP_BNN_BALD_B1_HS50_DR2_E100_LR001_BST32_K20,COMPAS/BayesianNeuralNetworkPredictor/Raw/11CP_BNN_BALD_B1_HS50_DR2_E100_LR001_BST32_K20.pkl
1,0.8,COMPAS,0,0,20.0,30000M,GaussianProcessClassifierPredictor,medium,0.0,Adder,11,BALDSelector,0.2,6-23:59:00,Classification,0,0.0,0.0,0.0,0.0,1.0,1.5,RBF,0.0,100.0,0,0.0,fmin_l_bfgs_b,0.0,GPC_BALD,11CP_GPC_BALD_B1_KTRBF_KLS1_KNU1.5_K20,COMPAS/GaussianProcessClassifierPredictor/Raw/11CP_GPC_BALD_B1_KTRBF_KLS1_KNU1.5_K20.pkl
1,0.8,COMPAS,0,0,20.0,30000M,BayesianNeuralNetworkPredictor,medium,0.0,Adder,11,PassiveLearningSelector,0.2,6-23:59:00,Classification,0,32.0,0.2,100.0,50.0,0.0,0.0,,0.001,0.0,0,0.0,,0.0,BNN_PL,11CP_BNN_PL_B1_HS50_DR2_E100_LR001_BST32,COMPAS/BayesianNeuralNetworkPredictor/Raw/11CP_BNN_PL_B1_HS50_DR2_E100_LR001_BST32.pkl
1,0.8,COMPAS,0,0,0.0,30000M,LFRPredictor,medium,0.5,Adder,11,BatchQBCSelector,0.2,6-23:59:00,Classification,0,0.0,0.0,0.0,0.0,0.0,0.0,,0.0,0.0,100,0.0,,0.01,Dlfr,11CP_Dlfr_A5_DW0_DEW0_B1,COMPAS/LFRPredictor/Raw/11CP_Dlfr_A5_DW0_DEW0_B1.pkl
1,0.8,COMPAS,0,0,0.0,30000M,GaussianProcessClassifierPredictor,medium,0.0,Adder,11,PassiveLearningSelector,0.2,6-23:59:00,Classification,0,0.0,0.0,0.0,0.0,1.0,1.5,RBF,0.0,100.0,0,0.0,fmin_l_bfgs_b,0.0,GPC_PL,11CP_GPC_PL_B1_KTRBF_KLS1_KNU1.5,COMPAS/GaussianProcessClassifierPredictor/Raw/11CP_GPC_PL_B1_KTRBF_KLS1_KNU1.5.pkl
1,0.8,COMPAS,0,0,0.0,30000M,LFRPredictor,medium,0.5,Adder,12,BatchQBCSelector,0.2,6-23:59:00,Classification,1,0.0,0.0,0.0,0.0,0.0,0.0,,0.0,0.0,100,0.0,,0.01,Ulfr,12CP_Ulfr_A5_DW0_DEW0_B1,COMPAS/LFRPredictor/Raw/12CP_Ulfr_A5_DW0_DEW0_B1.pkl
1,0.8,COMPAS,0,0,0.0,30000M,LFRPredictor,medium,0.5,Adder,12,BatchQBCSelector,0.2,6-23:59:00,Classification,0,0.0,0.0,0.0,0.0,0.0,0.0,,0.0,0.0,100,0.0,,0.01,Dlfr,12CP_Dlfr_A5_DW0_DEW0_B1,COMPAS/LFRPredictor/Raw/12CP_Dlfr_A5_DW0_DEW0_B1.pkl
1,0.8,COMPAS,0,0,0.0,30000M,GaussianProcessClassifierPredictor,medium,0.0,Adder,12,PassiveLearningSelector,0.2,6-23:59:00,Classification,0,0.0,0.0,0.0,0.0,1.0,1.5,RBF,0.0,100.0,0,0.0,fmin_l_bfgs_b,0.0,GPC_PL,12CP_GPC_PL_B1_KTRBF_KLS1_KNU1.5,COMPAS/GaussianProcessClassifierPredictor/Raw/12CP_GPC_PL_B1_KTRBF_KLS1_KNU1.5.pkl
1,0.8,COMPAS,0,0,20.0,30000M,GaussianProcessClassifierPredictor,medium,0.0,Adder,12,BALDSelector,0.2,6-23:59:00,Classification,0,0.0,0.0,0.0,0.0,1.0,1.5,RBF,0.0,100.0,0,0.0,fmin_l_bfgs_b,0.0,GPC_BALD,12CP_GPC_BALD_B1_KTRBF_KLS1_KNU1.5_K20,COMPAS/GaussianProcessClassifierPredictor/Raw/12CP_GPC_BALD_B1_KTRBF_KLS1_KNU1.5_K20.pkl
1,0.8,COMPAS,0,0,20.0,30000M,BayesianNeuralNetworkPredictor,medium,0.0,Adder,12,PassiveLearningSelector,0.2,6-23:59:00,Classification,0,32.0,0.2,100.0,50.0,0.0,0.0,,0.001,0.0,0,0.0,,0.0,BNN_PL,12CP_BNN_PL_B1_HS50_DR2_E100_LR001_BST32,COMPAS/BayesianNeuralNetworkPredictor/Raw/12CP_BNN_PL_B1_HS50_DR2_E100_LR001_BST32.pkl
1,0.8,COMPAS,0,0,20.0,30000M,BayesianNeuralNetworkPredictor,medium,0.0,Adder,12,BALDSelector,0.2,6-23:59:00,Classification,0,32.0,0.2,100.0,50.0,0.0,0.0,,0.001,0.0,0,0.0,,0.0,BNN_BALD,12CP_BNN_BALD_B1_HS50_DR2_E100_LR001_BST32_K20,COMPAS/BayesianNeuralNetworkPredictor/Raw/12CP_BNN_BALD_B1_HS50_DR2_E100_LR001_BST32_K20.pkl
1,0.8,COMPAS,0,0,20.0,30000M,GaussianProcessClassifierPredictor,medium,0.0,Adder,13,BALDSelector,0.2,6-23:59:00,Classification,0,0.0,0.0,0.0,0.0,1.0,1.5,RBF,0.0,100.0,0,0.0,fmin_l_bfgs_b,0.0,GPC_BALD,13CP_GPC_BALD_B1_KTRBF_KLS1_KNU1.5_K20,COMPAS/GaussianProcessClassifierPredictor/Raw/13CP_GPC_BALD_B1_KTRBF_KLS1_KNU1.5_K20.pkl
1,0.8,COMPAS,0,0,20.0,30000M,BayesianNeuralNetworkPredictor,medium,0.0,Adder,13,PassiveLearningSelector,0.2,6-23:59:00,Classification,0,32.0,0.2,100.0,50.0,0.0,0.0,,0.001,0.0,0,0.0,,0.0,BNN_PL,13CP_BNN_PL_B1_HS50_DR2_E100_LR001_BST32,COMPAS/BayesianNeuralNetworkPredictor/Raw/13CP_BNN_PL_B1_HS50_DR2_E100_LR001_BST32.pkl
1,0.8,COMPAS,0,0,0.0,30000M,GaussianProcessClassifierPredictor,medium,0.0,Adder,13,PassiveLearningSelector,0.2,6-23:59:00,Classification,0,0.0,0.0,0.0,0.0,1.0,1.5,RBF,0.0,100.0,0,0.0,fmin_l_bfgs_b,0.0,GPC_PL,13CP_GPC_PL_B1_KTRBF_KLS1_KNU1.5,COMPAS/GaussianProcessClassifierPredictor/Raw/13CP_GPC_PL_B1_KTRBF_KLS1_KNU1.5.pkl
1,0.8,COMPAS,0,0,20.0,30000M,BayesianNeuralNetworkPredictor,medium,0.0,Adder,13,BALDSelector,0.2,6-23:59:00,Classification,0,32.0,0.2,100.0,50.0,0.0,0.0,,0.001,0.0,0,0.0,,0.0,BNN_BALD,13CP_BNN_BALD_B1_HS50_DR2_E100_LR001_BST32_K20,COMPAS/BayesianNeuralNetworkPredictor/Raw/13CP_BNN_BALD_B1_HS50_DR2_E100_LR001_BST32_K20.pkl
1,0.8,COMPAS,0,0,0.0,30000M,LFRPredictor,medium,0.5,Adder,13,BatchQBCSelector,0.2,6-23:59:00,Classification,1,0.0,0.0,0.0,0.0,0.0,0.0,,0.0,0.0,100,0.0,,0.01,Ulfr,13CP_Ulfr_A5_DW0_DEW0_B1,COMPAS/LFRPredictor/Raw/13CP_Ulfr_A5_DW0_DEW0_B1.pkl
1,0.8,COMPAS,0,0,0.0,30000M,LFRPredictor,medium,0.5,Adder,13,BatchQBCSelector,0.2,6-23:59:00,Classification,0,0.0,0.0,0.0,0.0,0.0,0.0,,0.0,0.0,100,0.0,,0.01,Dlfr,13CP_Dlfr_A5_DW0_DEW0_B1,COMPAS/LFRPredictor/Raw/13CP_Dlfr_A5_DW0_DEW0_B1.pkl
1,0.8,COMPAS,0,0,0.0,30000M,LFRPredictor,medium,0.5,Adder,14,BatchQBCSelector,0.2,6-23:59:00,Classification,0,0.0,0.0,0.0,0.0,0.0,0.0,,0.0,0.0,100,0.0,,0.01,Dlfr,14CP_Dlfr_A5_DW0_DEW0_B1,COMPAS/LFRPredictor/Raw/14CP_Dlfr_A5_DW0_DEW0_B1.pkl
1,0.8,COMPAS,0,0,0.0,30000M,LFRPredictor,medium,0.5,Adder,14,BatchQBCSelector,0.2,6-23:59:00,Classification,1,0.0,0.0,0.0,0.0,0.0,0.0,,0.0,0.0,100,0.0,,0.01,Ulfr,14CP_Ulfr_A5_DW0_DEW0_B1,COMPAS/LFRPredictor/Raw/14CP_Ulfr_A5_DW0_DEW0_B1.pkl
1,0.8,COMPAS,0,0,0.0,30000M,GaussianProcessClassifierPredictor,medium,0.0,Adder,14,PassiveLearningSelector,0.2,6-23:59:00,Classification,0,0.0,0.0,0.0,0.0,1.0,1.5,RBF,0.0,100.0,0,0.0,fmin_l_bfgs_b,0.0,GPC_PL,14CP_GPC_PL_B1_KTRBF_KLS1_KNU1.5,COMPAS/GaussianProcessClassifierPredictor/Raw/14CP_GPC_PL_B1_KTRBF_KLS1_KNU1.5.pkl
1,0.8,COMPAS,0,0,20.0,30000M,BayesianNeuralNetworkPredictor,medium,0.0,Adder,14,BALDSelector,0.2,6-23:59:00,Classification,0,32.0,0.2,100.0,50.0,0.0,0.0,,0.001,0.0,0,0.0,,0.0,BNN_BALD,14CP_BNN_BALD_B1_HS50_DR2_E100_LR001_BST32_K20,COMPAS/BayesianNeuralNetworkPredictor/Raw/14CP_BNN_BALD_B1_HS50_DR2_E100_LR001_BST32_K20.pkl
1,0.8,COMPAS,0,0,20.0,30000M,BayesianNeuralNetworkPredictor,medium,0.0,Adder,14,PassiveLearningSelector,0.2,6-23:59:00,Classification,0,32.0,0.2,100.0,50.0,0.0,0.0,,0.001,0.0,0,0.0,,0.0,BNN_PL,14CP_BNN_PL_B1_HS50_DR2_E100_LR001_BST32,COMPAS/BayesianNeuralNetworkPredictor/Raw/14CP_BNN_PL_B1_HS50_DR2_E100_LR001_BST32.pkl
1,0.8,COMPAS,0,0,20.0,30000M,GaussianProcessClassifierPredictor,medium,0.0,Adder,14,BALDSelector,0.2,6-23:59:00,Classification,0,0.0,0.0,0.0,0.0,1.0,1.5,RBF,0.0,100.0,0,0.0,fmin_l_bfgs_b,0.0,GPC_BALD,14CP_GPC_BALD_B1_KTRBF_KLS1_KNU1.5_K20,COMPAS/GaussianProcessClassifierPredictor/Raw/14CP_GPC_BALD_B1_KTRBF_KLS1_KNU1.5_K20.pkl
1,0.8,COMPAS,0,0,0.0,30000M,GaussianProcessClassifierPredictor,medium,0.0,Adder,15,PassiveLearningSelector,0.2,6-23:59:00,Classification,0,0.0,0.0,0.0,0.0,1.0,1.5,RBF,0.0,100.0,0,0.0,fmin_l_bfgs_b,0.0,GPC_PL,15CP_GPC_PL_B1_KTRBF_KLS1_KNU1.5,COMPAS/GaussianProcessClassifierPredictor/Raw/15CP_GPC_PL_B1_KTRBF_KLS1_KNU1.5.pkl
1,0.8,COMPAS,0,0,20.0,30000M,BayesianNeuralNetworkPredictor,medium,0.0,Adder,15,PassiveLearningSelector,0.2,6-23:59:00,Classification,0,32.0,0.2,100.0,50.0,0.0,0.0,,0.001,0.0,0,0.0,,0.0,BNN_PL,15CP_BNN_PL_B1_HS50_DR2_E100_LR001_BST32,COMPAS/BayesianNeuralNetworkPredictor/Raw/15CP_BNN_PL_B1_HS50_DR2_E100_LR001_BST32.pkl
1,0.8,COMPAS,0,0,20.0,30000M,GaussianProcessClassifierPredictor,medium,0.0,Adder,15,BALDSelector,0.2,6-23:59:00,Classification,0,0.0,0.0,0.0,0.0,1.0,1.5,RBF,0.0,100.0,0,0.0,fmin_l_bfgs_b,0.0,GPC_BALD,15CP_GPC_BALD_B1_KTRBF_KLS1_KNU1.5_K20,COMPAS/GaussianProcessClassifierPredictor/Raw/15CP_GPC_BALD_B1_KTRBF_KLS1_KNU1.5_K20.pkl
1,0.8,COMPAS,0,0,0.0,30000M,LFRPredictor,medium,0.5,Adder,15,BatchQBCSelector,0.2,6-23:59:00,Classification,1,0.0,0.0,0.0,0.0,0.0,0.0,,0.0,0.0,100,0.0,,0.01,Ulfr,15CP_Ulfr_A5_DW0_DEW0_B1,COMPAS/LFRPredictor/Raw/15CP_Ulfr_A5_DW0_DEW0_B1.pkl
1,0.8,COMPAS,0,0,20.0,30000M,BayesianNeuralNetworkPredictor,medium,0.0,Adder,15,BALDSelector,0.2,6-23:59:00,Classification,0,32.0,0.2,100.0,50.0,0.0,0.0,,0.001,0.0,0,0.0,,0.0,BNN_BALD,15CP_BNN_BALD_B1_HS50_DR2_E100_LR001_BST32_K20,COMPAS/BayesianNeuralNetworkPredictor/Raw/15CP_BNN_BALD_B1_HS50_DR2_E100_LR001_BST32_K20.pkl
1,0.8,COMPAS,0,0,0.0,30000M,LFRPredictor,medium,0.5,Adder,15,BatchQBCSelector,0.2,6-23:59:00,Classification,0,0.0,0.0,0.0,0.0,0.0,0.0,,0.0,0.0,100,0.0,,0.01,Dlfr,15CP_Dlfr_A5_DW0_DEW0_B1,COMPAS/LFRPredictor/Raw/15CP_Dlfr_A5_DW0_DEW0_B1.pkl
1,0.8,COMPAS,0,0,0.0,30000M,GaussianProcessClassifierPredictor,medium,0.0,Adder,16,PassiveLearningSelector,0.2,6-23:59:00,Classification,0,0.0,0.0,0.0,0.0,1.0,1.5,RBF,0.0,100.0,0,0.0,fmin_l_bfgs_b,0.0,GPC_PL,16CP_GPC_PL_B1_KTRBF_KLS1_KNU1.5,COMPAS/GaussianProcessClassifierPredictor/Raw/16CP_GPC_PL_B1_KTRBF_KLS1_KNU1.5.pkl
1,0.8,COMPAS,0,0,20.0,30000M,BayesianNeuralNetworkPredictor,medium,0.0,Adder,16,BALDSelector,0.2,6-23:59:00,Classification,0,32.0,0.2,100.0,50.0,0.0,0.0,,0.001,0.0,0,0.0,,0.0,BNN_BALD,16CP_BNN_BALD_B1_HS50_DR2_E100_LR001_BST32_K20,COMPAS/BayesianNeuralNetworkPredictor/Raw/16CP_BNN_BALD_B1_HS50_DR2_E100_LR001_BST32_K20.pkl
1,0.8,COMPAS,0,0,20.0,30000M,BayesianNeuralNetworkPredictor,medium,0.0,Adder,16,PassiveLearningSelector,0.2,6-23:59:00,Classification,0,32.0,0.2,100.0,50.0,0.0,0.0,,0.001,0.0,0,0.0,,0.0,BNN_PL,16CP_BNN_PL_B1_HS50_DR2_E100_LR001_BST32,COMPAS/BayesianNeuralNetworkPredictor/Raw/16CP_BNN_PL_B1_HS50_DR2_E100_LR001_BST32.pkl
1,0.8,COMPAS,0,0,20.0,30000M,GaussianProcessClassifierPredictor,medium,0.0,Adder,16,BALDSelector,0.2,6-23:59:00,Classification,0,0.0,0.0,0.0,0.0,1.0,1.5,RBF,0.0,100.0,0,0.0,fmin_l_bfgs_b,0.0,GPC_BALD,16CP_GPC_BALD_B1_KTRBF_KLS1_KNU1.5_K20,COMPAS/GaussianProcessClassifierPredictor/Raw/16CP_GPC_BALD_B1_KTRBF_KLS1_KNU1.5_K20.pkl
1,0.8,COMPAS,0,0,0.0,30000M,LFRPredictor,medium,0.5,Adder,16,BatchQBCSelector,0.2,6-23:59:00,Classification,1,0.0,0.0,0.0,0.0,0.0,0.0,,0.0,0.0,100,0.0,,0.01,Ulfr,16CP_Ulfr_A5_DW0_DEW0_B1,COMPAS/LFRPredictor/Raw/16CP_Ulfr_A5_DW0_DEW0_B1.pkl
1,0.8,COMPAS,0,0,0.0,30000M,LFRPredictor,medium,0.5,Adder,16,BatchQBCSelector,0.2,6-23:59:00,Classification,0,0.0,0.0,0.0,0.0,0.0,0.0,,0.0,0.0,100,0.0,,0.01,Dlfr,16CP_Dlfr_A5_DW0_DEW0_B1,COMPAS/LFRPredictor/Raw/16CP_Dlfr_A5_DW0_DEW0_B1.pkl
1,0.8,COMPAS,0,0,0.0,30000M,LFRPredictor,medium,0.5,Adder,17,BatchQBCSelector,0.2,6-23:59:00,Classification,1,0.0,0.0,0.0,0.0,0.0,0.0,,0.0,0.0,100,0.0,,0.01,Ulfr,17CP_Ulfr_A5_DW0_DEW0_B1,COMPAS/LFRPredictor/Raw/17CP_Ulfr_A5_DW0_DEW0_B1.pkl
1,0.8,COMPAS,0,0,20.0,30000M,BayesianNeuralNetworkPredictor,medium,0.0,Adder,17,PassiveLearningSelector,0.2,6-23:59:00,Classification,0,32.0,0.2,100.0,50.0,0.0,0.0,,0.001,0.0,0,0.0,,0.0,BNN_PL,17CP_BNN_PL_B1_HS50_DR2_E100_LR001_BST32,COMPAS/BayesianNeuralNetworkPredictor/Raw/17CP_BNN_PL_B1_HS50_DR2_E100_LR001_BST32.pkl
1,0.8,COMPAS,0,0,20.0,30000M,GaussianProcessClassifierPredictor,medium,0.0,Adder,17,BALDSelector,0.2,6-23:59:00,Classification,0,0.0,0.0,0.0,0.0,1.0,1.5,RBF,0.0,100.0,0,0.0,fmin_l_bfgs_b,0.0,GPC_BALD,17CP_GPC_BALD_B1_KTRBF_KLS1_KNU1.5_K20,COMPAS/GaussianProcessClassifierPredictor/Raw/17CP_GPC_BALD_B1_KTRBF_KLS1_KNU1.5_K20.pkl
1,0.8,COMPAS,0,0,0.0,30000M,GaussianProcessClassifierPredictor,medium,0.0,Adder,17,PassiveLearningSelector,0.2,6-23:59:00,Classification,0,0.0,0.0,0.0,0.0,1.0,1.5,RBF,0.0,100.0,0,0.0,fmin_l_bfgs_b,0.0,GPC_PL,17CP_GPC_PL_B1_KTRBF_KLS1_KNU1.5,COMPAS/GaussianProcessClassifierPredictor/Raw/17CP_GPC_PL_B1_KTRBF_KLS1_KNU1.5.pkl
1,0.8,COMPAS,0,0,0.0,30000M,LFRPredictor,medium,0.5,Adder,17,BatchQBCSelector,0.2,6-23:59:00,Classification,0,0.0,0.0,0.0,0.0,0.0,0.0,,0.0,0.0,100,0.0,,0.01,Dlfr,17CP_Dlfr_A5_DW0_DEW0_B1,COMPAS/LFRPredictor/Raw/17CP_Dlfr_A5_DW0_DEW0_B1.pkl
1,0.8,COMPAS,0,0,20.0,30000M,BayesianNeuralNetworkPredictor,medium,0.0,Adder,17,BALDSelector,0.2,6-23:59:00,Classification,0,32.0,0.2,100.0,50.0,0.0,0.0,,0.001,0.0,0,0.0,,0.0,BNN_BALD,17CP_BNN_BALD_B1_HS50_DR2_E100_LR001_BST32_K20,COMPAS/BayesianNeuralNetworkPredictor/Raw/17CP_BNN_BALD_B1_HS50_DR2_E100_LR001_BST32_K20.pkl
1,0.8,COMPAS,0,0,20.0,30000M,GaussianProcessClassifierPredictor,medium,0.0,Adder,18,BALDSelector,0.2,6-23:59:00,Classification,0,0.0,0.0,0.0,0.0,1.0,1.5,RBF,0.0,100.0,0,0.0,fmin_l_bfgs_b,0.0,GPC_BALD,18CP_GPC_BALD_B1_KTRBF_KLS1_KNU1.5_K20,COMPAS/GaussianProcessClassifierPredictor/Raw/18CP_GPC_BALD_B1_KTRBF_KLS1_KNU1.5_K20.pkl
1,0.8,COMPAS,0,0,20.0,30000M,BayesianNeuralNetworkPredictor,medium,0.0,Adder,18,BALDSelector,0.2,6-23:59:00,Classification,0,32.0,0.2,100.0,50.0,0.0,0.0,,0.001,0.0,0,0.0,,0.0,BNN_BALD,18CP_BNN_BALD_B1_HS50_DR2_E100_LR001_BST32_K20,COMPAS/BayesianNeuralNetworkPredictor/Raw/18CP_BNN_BALD_B1_HS50_DR2_E100_LR001_BST32_K20.pkl
1,0.8,COMPAS,0,0,20.0,30000M,BayesianNeuralNetworkPredictor,medium,0.0,Adder,18,PassiveLearningSelector,0.2,6-23:59:00,Classification,0,32.0,0.2,100.0,50.0,0.0,0.0,,0.001,0.0,0,0.0,,0.0,BNN_PL,18CP_BNN_PL_B1_HS50_DR2_E100_LR001_BST32,COMPAS/BayesianNeuralNetworkPredictor/Raw/18CP_BNN_PL_B1_HS50_DR2_E100_LR001_BST32.pkl
1,0.8,COMPAS,0,0,0.0,30000M,LFRPredictor,medium,0.5,Adder,18,BatchQBCSelector,0.2,6-23:59:00,Classification,1,0.0,0.0,0.0,0.0,0.0,0.0,,0.0,0.0,100,0.0,,0.01,Ulfr,18CP_Ulfr_A5_DW0_DEW0_B1,COMPAS/LFRPredictor/Raw/18CP_Ulfr_A5_DW0_DEW0_B1.pkl
1,0.8,COMPAS,0,0,0.0,30000M,LFRPredictor,medium,0.5,Adder,18,BatchQBCSelector,0.2,6-23:59:00,Classification,0,0.0,0.0,0.0,0.0,0.0,0.0,,0.0,0.0,100,0.0,,0.01,Dlfr,18CP_Dlfr_A5_DW0_DEW0_B1,COMPAS/LFRPredictor/Raw/18CP_Dlfr_A5_DW0_DEW0_B1.pkl
1,0.8,COMPAS,0,0,0.0,30000M,GaussianProcessClassifierPredictor,medium,0.0,Adder,18,PassiveLearningSelector,0.2,6-23:59:00,Classification,0,0.0,0.0,0.0,0.0,1.0,1.5,RBF,0.0,100.0,0,0.0,fmin_l_bfgs_b,0.0,GPC_PL,18CP_GPC_PL_B1_KTRBF_KLS1_KNU1.5,COMPAS/GaussianProcessClassifierPredictor/Raw/18CP_GPC_PL_B1_KTRBF_KLS1_KNU1.5.pkl
1,0.8,COMPAS,0,0,0.0,30000M,GaussianProcessClassifierPredictor,medium,0.0,Adder,19,PassiveLearningSelector,0.2,6-23:59:00,Classification,0,0.0,0.0,0.0,0.0,1.0,1.5,RBF,0.0,100.0,0,0.0,fmin_l_bfgs_b,0.0,GPC_PL,19CP_GPC_PL_B1_KTRBF_KLS1_KNU1.5,COMPAS/GaussianProcessClassifierPredictor/Raw/19CP_GPC_PL_B1_KTRBF_KLS1_KNU1.5.pkl
1,0.8,COMPAS,0,0,0.0,30000M,LFRPredictor,medium,0.5,Adder,19,BatchQBCSelector,0.2,6-23:59:00,Classification,0,0.0,0.0,0.0,0.0,0.0,0.0,,0.0,0.0,100,0.0,,0.01,Dlfr,19CP_Dlfr_A5_DW0_DEW0_B1,COMPAS/LFRPredictor/Raw/19CP_Dlfr_A5_DW0_DEW0_B1.pkl
1,0.8,COMPAS,0,0,20.0,30000M,BayesianNeuralNetworkPredictor,medium,0.0,Adder,19,BALDSelector,0.2,6-23:59:00,Classification,0,32.0,0.2,100.0,50.0,0.0,0.0,,0.001,0.0,0,0.0,,0.0,BNN_BALD,19CP_BNN_BALD_B1_HS50_DR2_E100_LR001_BST32_K20,COMPAS/BayesianNeuralNetworkPredictor/Raw/19CP_BNN_BALD_B1_HS50_DR2_E100_LR001_BST32_K20.pkl
1,0.8,COMPAS,0,0,20.0,30000M,GaussianProcessClassifierPredictor,medium,0.0,Adder,19,BALDSelector,0.2,6-23:59:00,Classification,0,0.0,0.0,0.0,0.0,1.0,1.5,RBF,0.0,100.0,0,0.0,fmin_l_bfgs_b,0.0,GPC_BALD,19CP_GPC_BALD_B1_KTRBF_KLS1_KNU1.5_K20,COMPAS/GaussianProcessClassifierPredictor/Raw/19CP_GPC_BALD_B1_KTRBF_KLS1_KNU1.5_K20.pkl
1,0.8,COMPAS,0,0,20.0,30000M,BayesianNeuralNetworkPredictor,medium,0.0,Adder,19,PassiveLearningSelector,0.2,6-23:59:00,Classification,0,32.0,0.2,100.0,50.0,0.0,0.0,,0.001,0.0,0,0.0,,0.0,BNN_PL,19CP_BNN_PL_B1_HS50_DR2_E100_LR001_BST32,COMPAS/BayesianNeuralNetworkPredictor/Raw/19CP_BNN_PL_B1_HS50_DR2_E100_LR001_BST32.pkl
1,0.8,COMPAS,0,0,0.0,30000M,LFRPredictor,medium,0.5,Adder,19,BatchQBCSelector,0.2,6-23:59:00,Classification,1,0.0,0.0,0.0,0.0,0.0,0.0,,0.0,0.0,100,0.0,,0.01,Ulfr,19CP_Ulfr_A5_DW0_DEW0_B1,COMPAS/LFRPredictor/Raw/19CP_Ulfr_A5_DW0_DEW0_B1.pkl
1,0.8,COMPAS,0,0,0.0,30000M,LFRPredictor,medium,0.5,Adder,20,BatchQBCSelector,0.2,6-23:59:00,Classification,1,0.0,0.0,0.0,0.0,0.0,0.0,,0.0,0.0,100,0.0,,0.01,Ulfr,20CP_Ulfr_A5_DW0_DEW0_B1,COMPAS/LFRPredictor/Raw/20CP_Ulfr_A5_DW0_DEW0_B1.pkl
1,0.8,COMPAS,0,0,20.0,30000M,BayesianNeuralNetworkPredictor,medium,0.0,Adder,20,BALDSelector,0.2,6-23:59:00,Classification,0,32.0,0.2,100.0,50.0,0.0,0.0,,0.001,0.0,0,0.0,,0.0,BNN_BALD,20CP_BNN_BALD_B1_HS50_DR2_E100_LR001_BST32_K20,COMPAS/BayesianNeuralNetworkPredictor/Raw/20CP_BNN_BALD_B1_HS50_DR2_E100_LR001_BST32_K20.pkl
1,0.8,COMPAS,0,0,20.0,30000M,GaussianProcessClassifierPredictor,medium,0.0,Adder,20,BALDSelector,0.2,6-23:59:00,Classification,0,0.0,0.0,0.0,0.0,1.0,1.5,RBF,0.0,100.0,0,0.0,fmin_l_bfgs_b,0.0,GPC_BALD,20CP_GPC_BALD_B1_KTRBF_KLS1_KNU1.5_K20,COMPAS/GaussianProcessClassifierPredictor/Raw/20CP_GPC_BALD_B1_KTRBF_KLS1_KNU1.5_K20.pkl
1,0.8,COMPAS,0,0,20.0,30000M,BayesianNeuralNetworkPredictor,medium,0.0,Adder,20,PassiveLearningSelector,0.2,6-23:59:00,Classification,0,32.0,0.2,100.0,50.0,0.0,0.0,,0.001,0.0,0,0.0,,0.0,BNN_PL,20CP_BNN_PL_B1_HS50_DR2_E100_LR001_BST32,COMPAS/BayesianNeuralNetworkPredictor/Raw/20CP_BNN_PL_B1_HS50_DR2_E100_LR001_BST32.pkl
1,0.8,COMPAS,0,0,0.0,30000M,GaussianProcessClassifierPredictor,medium,0.0,Adder,20,PassiveLearningSelector,0.2,6-23:59:00,Classification,0,0.0,0.0,0.0,0.0,1.0,1.5,RBF,0.0,100.0,0,0.0,fmin_l_bfgs_b,0.0,GPC_PL,20CP_GPC_PL_B1_KTRBF_KLS1_KNU1.5,COMPAS/GaussianProcessClassifierPredictor/Raw/20CP_GPC_PL_B1_KTRBF_KLS1_KNU1.5.pkl
1,0.8,COMPAS,0,0,0.0,30000M,LFRPredictor,medium,0.5,Adder,20,BatchQBCSelector,0.2,6-23:59:00,Classification,0,0.0,0.0,0.0,0.0,0.0,0.0,,0.0,0.0,100,0.0,,0.01,Dlfr,20CP_Dlfr_A5_DW0_DEW0_B1,COMPAS/LFRPredictor/Raw/20CP_Dlfr_A5_DW0_DEW0_B1.pkl
1,0.8,COMPAS,0,0,0.0,30000M,LFRPredictor,medium,0.5,Adder,21,BatchQBCSelector,0.2,6-23:59:00,Classification,1,0.0,0.0,0.0,0.0,0.0,0.0,,0.0,0.0,100,0.0,,0.01,Ulfr,21CP_Ulfr_A5_DW0_DEW0_B1,COMPAS/LFRPredictor/Raw/21CP_Ulfr_A5_DW0_DEW0_B1.pkl
1,0.8,COMPAS,0,0,20.0,30000M,BayesianNeuralNetworkPredictor,medium,0.0,Adder,21,BALDSelector,0.2,6-23:59:00,Classification,0,32.0,0.2,100.0,50.0,0.0,0.0,,0.001,0.0,0,0.0,,0.0,BNN_BALD,21CP_BNN_BALD_B1_HS50_DR2_E100_LR001_BST32_K20,COMPAS/BayesianNeuralNetworkPredictor/Raw/21CP_BNN_BALD_B1_HS50_DR2_E100_LR001_BST32_K20.pkl
1,0.8,COMPAS,0,0,0.0,30000M,GaussianProcessClassifierPredictor,medium,0.0,Adder,21,PassiveLearningSelector,0.2,6-23:59:00,Classification,0,0.0,0.0,0.0,0.0,1.0,1.5,RBF,0.0,100.0,0,0.0,fmin_l_bfgs_b,0.0,GPC_PL,21CP_GPC_PL_B1_KTRBF_KLS1_KNU1.5,COMPAS/GaussianProcessClassifierPredictor/Raw/21CP_GPC_PL_B1_KTRBF_KLS1_KNU1.5.pkl
1,0.8,COMPAS,0,0,20.0,30000M,GaussianProcessClassifierPredictor,medium,0.0,Adder,21,BALDSelector,0.2,6-23:59:00,Classification,0,0.0,0.0,0.0,0.0,1.0,1.5,RBF,0.0,100.0,0,0.0,fmin_l_bfgs_b,0.0,GPC_BALD,21CP_GPC_BALD_B1_KTRBF_KLS1_KNU1.5_K20,COMPAS/GaussianProcessClassifierPredictor/Raw/21CP_GPC_BALD_B1_KTRBF_KLS1_KNU1.5_K20.pkl
1,0.8,COMPAS,0,0,0.0,30000M,LFRPredictor,medium,0.5,Adder,21,BatchQBCSelector,0.2,6-23:59:00,Classification,0,0.0,0.0,0.0,0.0,0.0,0.0,,0.0,0.0,100,0.0,,0.01,Dlfr,21CP_Dlfr_A5_DW0_DEW0_B1,COMPAS/LFRPredictor/Raw/21CP_Dlfr_A5_DW0_DEW0_B1.pkl
1,0.8,COMPAS,0,0,20.0,30000M,BayesianNeuralNetworkPredictor,medium,0.0,Adder,21,PassiveLearningSelector,0.2,6-23:59:00,Classification,0,32.0,0.2,100.0,50.0,0.0,0.0,,0.001,0.0,0,0.0,,0.0,BNN_PL,21CP_BNN_PL_B1_HS50_DR2_E100_LR001_BST32,COMPAS/BayesianNeuralNetworkPredictor/Raw/21CP_BNN_PL_B1_HS50_DR2_E100_LR001_BST32.pkl
1,0.8,COMPAS,0,0,0.0,30000M,LFRPredictor,medium,0.5,Adder,22,BatchQBCSelector,0.2,6-23:59:00,Classification,0,0.0,0.0,0.0,0.0,0.0,0.0,,0.0,0.0,100,0.0,,0.01,Dlfr,22CP_Dlfr_A5_DW0_DEW0_B1,COMPAS/LFRPredictor/Raw/22CP_Dlfr_A5_DW0_DEW0_B1.pkl
1,0.8,COMPAS,0,0,20.0,30000M,GaussianProcessClassifierPredictor,medium,0.0,Adder,22,BALDSelector,0.2,6-23:59:00,Classification,0,0.0,0.0,0.0,0.0,1.0,1.5,RBF,0.0,100.0,0,0.0,fmin_l_bfgs_b,0.0,GPC_BALD,22CP_GPC_BALD_B1_KTRBF_KLS1_KNU1.5_K20,COMPAS/GaussianProcessClassifierPredictor/Raw/22CP_GPC_BALD_B1_KTRBF_KLS1_KNU1.5_K20.pkl
1,0.8,COMPAS,0,0,0.0,30000M,GaussianProcessClassifierPredictor,medium,0.0,Adder,22,PassiveLearningSelector,0.2,6-23:59:00,Classification,0,0.0,0.0,0.0,0.0,1.0,1.5,RBF,0.0,100.0,0,0.0,fmin_l_bfgs_b,0.0,GPC_PL,22CP_GPC_PL_B1_KTRBF_KLS1_KNU1.5,COMPAS/GaussianProcessClassifierPredictor/Raw/22CP_GPC_PL_B1_KTRBF_KLS1_KNU1.5.pkl
1,0.8,COMPAS,0,0,20.0,30000M,BayesianNeuralNetworkPredictor,medium,0.0,Adder,22,BALDSelector,0.2,6-23:59:00,Classification,0,32.0,0.2,100.0,50.0,0.0,0.0,,0.001,0.0,0,0.0,,0.0,BNN_BALD,22CP_BNN_BALD_B1_HS50_DR2_E100_LR001_BST32_K20,COMPAS/BayesianNeuralNetworkPredictor/Raw/22CP_BNN_BALD_B1_HS50_DR2_E100_LR001_BST32_K20.pkl
1,0.8,COMPAS,0,0,20.0,30000M,BayesianNeuralNetworkPredictor,medium,0.0,Adder,22,PassiveLearningSelector,0.2,6-23:59:00,Classification,0,32.0,0.2,100.0,50.0,0.0,0.0,,0.001,0.0,0,0.0,,0.0,BNN_PL,22CP_BNN_PL_B1_HS50_DR2_E100_LR001_BST32,COMPAS/BayesianNeuralNetworkPredictor/Raw/22CP_BNN_PL_B1_HS50_DR2_E100_LR001_BST32.pkl
1,0.8,COMPAS,0,0,0.0,30000M,LFRPredictor,medium,0.5,Adder,22,BatchQBCSelector,0.2,6-23:59:00,Classification,1,0.0,0.0,0.0,0.0,0.0,0.0,,0.0,0.0,100,0.0,,0.01,Ulfr,22CP_Ulfr_A5_DW0_DEW0_B1,COMPAS/LFRPredictor/Raw/22CP_Ulfr_A5_DW0_DEW0_B1.pkl
1,0.8,COMPAS,0,0,20.0,30000M,BayesianNeuralNetworkPredictor,medium,0.0,Adder,23,PassiveLearningSelector,0.2,6-23:59:00,Classification,0,32.0,0.2,100.0,50.0,0.0,0.0,,0.001,0.0,0,0.0,,0.0,BNN_PL,23CP_BNN_PL_B1_HS50_DR2_E100_LR001_BST32,COMPAS/BayesianNeuralNetworkPredictor/Raw/23CP_BNN_PL_B1_HS50_DR2_E100_LR001_BST32.pkl
1,0.8,COMPAS,0,0,0.0,30000M,GaussianProcessClassifierPredictor,medium,0.0,Adder,23,PassiveLearningSelector,0.2,6-23:59:00,Classification,0,0.0,0.0,0.0,0.0,1.0,1.5,RBF,0.0,100.0,0,0.0,fmin_l_bfgs_b,0.0,GPC_PL,23CP_GPC_PL_B1_KTRBF_KLS1_KNU1.5,COMPAS/GaussianProcessClassifierPredictor/Raw/23CP_GPC_PL_B1_KTRBF_KLS1_KNU1.5.pkl
1,0.8,COMPAS,0,0,20.0,30000M,GaussianProcessClassifierPredictor,medium,0.0,Adder,23,BALDSelector,0.2,6-23:59:00,Classification,0,0.0,0.0,0.0,0.0,1.0,1.5,RBF,0.0,100.0,0,0.0,fmin_l_bfgs_b,0.0,GPC_BALD,23CP_GPC_BALD_B1_KTRBF_KLS1_KNU1.5_K20,COMPAS/GaussianProcessClassifierPredictor/Raw/23CP_GPC_BALD_B1_KTRBF_KLS1_KNU1.5_K20.pkl
1,0.8,COMPAS,0,0,0.0,30000M,LFRPredictor,medium,0.5,Adder,23,BatchQBCSelector,0.2,6-23:59:00,Classification,1,0.0,0.0,0.0,0.0,0.0,0.0,,0.0,0.0,100,0.0,,0.01,Ulfr,23CP_Ulfr_A5_DW0_DEW0_B1,COMPAS/LFRPredictor/Raw/23CP_Ulfr_A5_DW0_DEW0_B1.pkl
1,0.8,COMPAS,0,0,0.0,30000M,LFRPredictor,medium,0.5,Adder,23,BatchQBCSelector,0.2,6-23:59:00,Classification,0,0.0,0.0,0.0,0.0,0.0,0.0,,0.0,0.0,100,0.0,,0.01,Dlfr,23CP_Dlfr_A5_DW0_DEW0_B1,COMPAS/LFRPredictor/Raw/23CP_Dlfr_A5_DW0_DEW0_B1.pkl
1,0.8,COMPAS,0,0,20.0,30000M,BayesianNeuralNetworkPredictor,medium,0.0,Adder,23,BALDSelector,0.2,6-23:59:00,Classification,0,32.0,0.2,100.0,50.0,0.0,0.0,,0.001,0.0,0,0.0,,0.0,BNN_BALD,23CP_BNN_BALD_B1_HS50_DR2_E100_LR001_BST32_K20,COMPAS/BayesianNeuralNetworkPredictor/Raw/23CP_BNN_BALD_B1_HS50_DR2_E100_LR001_BST32_K20.pkl
1,0.8,COMPAS,0,0,0.0,30000M,LFRPredictor,medium,0.5,Adder,24,BatchQBCSelector,0.2,6-23:59:00,Classification,1,0.0,0.0,0.0,0.0,0.0,0.0,,0.0,0.0,100,0.0,,0.01,Ulfr,24CP_Ulfr_A5_DW0_DEW0_B1,COMPAS/LFRPredictor/Raw/24CP_Ulfr_A5_DW0_DEW0_B1.pkl
1,0.8,COMPAS,0,0,20.0,30000M,BayesianNeuralNetworkPredictor,medium,0.0,Adder,24,PassiveLearningSelector,0.2,6-23:59:00,Classification,0,32.0,0.2,100.0,50.0,0.0,0.0,,0.001,0.0,0,0.0,,0.0,BNN_PL,24CP_BNN_PL_B1_HS50_DR2_E100_LR001_BST32,COMPAS/BayesianNeuralNetworkPredictor/Raw/24CP_BNN_PL_B1_HS50_DR2_E100_LR001_BST32.pkl
1,0.8,COMPAS,0,0,0.0,30000M,GaussianProcessClassifierPredictor,medium,0.0,Adder,24,PassiveLearningSelector,0.2,6-23:59:00,Classification,0,0.0,0.0,0.0,0.0,1.0,1.5,RBF,0.0,100.0,0,0.0,fmin_l_bfgs_b,0.0,GPC_PL,24CP_GPC_PL_B1_KTRBF_KLS1_KNU1.5,COMPAS/GaussianProcessClassifierPredictor/Raw/24CP_GPC_PL_B1_KTRBF_KLS1_KNU1.5.pkl
1,0.8,COMPAS,0,0,20.0,30000M,GaussianProcessClassifierPredictor,medium,0.0,Adder,24,BALDSelector,0.2,6-23:59:00,Classification,0,0.0,0.0,0.0,0.0,1.0,1.5,RBF,0.0,100.0,0,0.0,fmin_l_bfgs_b,0.0,GPC_BALD,24CP_GPC_BALD_B1_KTRBF_KLS1_KNU1.5_K20,COMPAS/GaussianProcessClassifierPredictor/Raw/24CP_GPC_BALD_B1_KTRBF_KLS1_KNU1.5_K20.pkl
1,0.8,COMPAS,0,0,0.0,30000M,LFRPredictor,medium,0.5,Adder,24,BatchQBCSelector,0.2,6-23:59:00,Classification,0,0.0,0.0,0.0,0.0,0.0,0.0,,0.0,0.0,100,0.0,,0.01,Dlfr,24CP_Dlfr_A5_DW0_DEW0_B1,COMPAS/LFRPredictor/Raw/24CP_Dlfr_A5_DW0_DEW0_B1.pkl
1,0.8,COMPAS,0,0,20.0,30000M,BayesianNeuralNetworkPredictor,medium,0.0,Adder,24,BALDSelector,0.2,6-23:59:00,Classification,0,32.0,0.2,100.0,50.0,0.0,0.0,,0.001,0.0,0,0.0,,0.0,BNN_BALD,24CP_BNN_BALD_B1_HS50_DR2_E100_LR001_BST32_K20,COMPAS/BayesianNeuralNetworkPredictor/Raw/24CP_BNN_BALD_B1_HS50_DR2_E100_LR001_BST32_K20.pkl
1,0.8,COMPAS,0,0,0.0,30000M,GaussianProcessClassifierPredictor,medium,0.0,Adder,25,PassiveLearningSelector,0.2,6-23:59:00,Classification,0,0.0,0.0,0.0,0.0,1.0,1.5,RBF,0.0,100.0,0,0.0,fmin_l_bfgs_b,0.0,GPC_PL,25CP_GPC_PL_B1_KTRBF_KLS1_KNU1.5,COMPAS/GaussianProcessClassifierPredictor/Raw/25CP_GPC_PL_B1_KTRBF_KLS1_KNU1.5.pkl
1,0.8,COMPAS,0,0,0.0,30000M,LFRPredictor,medium,0.5,Adder,25,BatchQBCSelector,0.2,6-23:59:00,Classification,1,0.0,0.0,0.0,0.0,0.0,0.0,,0.0,0.0,100,0.0,,0.01,Ulfr,25CP_Ulfr_A5_DW0_DEW0_B1,COMPAS/LFRPredictor/Raw/25CP_Ulfr_A5_DW0_DEW0_B1.pkl
1,0.8,COMPAS,0,0,20.0,30000M,GaussianProcessClassifierPredictor,medium,0.0,Adder,25,BALDSelector,0.2,6-23:59:00,Classification,0,0.0,0.0,0.0,0.0,1.0,1.5,RBF,0.0,100.0,0,0.0,fmin_l_bfgs_b,0.0,GPC_BALD,25CP_GPC_BALD_B1_KTRBF_KLS1_KNU1.5_K20,COMPAS/GaussianProcessClassifierPredictor/Raw/25CP_GPC_BALD_B1_KTRBF_KLS1_KNU1.5_K20.pkl
1,0.8,COMPAS,0,0,20.0,30000M,BayesianNeuralNetworkPredictor,medium,0.0,Adder,25,PassiveLearningSelector,0.2,6-23:59:00,Classification,0,32.0,0.2,100.0,50.0,0.0,0.0,,0.001,0.0,0,0.0,,0.0,BNN_PL,25CP_BNN_PL_B1_HS50_DR2_E100_LR001_BST32,COMPAS/BayesianNeuralNetworkPredictor/Raw/25CP_BNN_PL_B1_HS50_DR2_E100_LR001_BST32.pkl
1,0.8,COMPAS,0,0,20.0,30000M,BayesianNeuralNetworkPredictor,medium,0.0,Adder,25,BALDSelector,0.2,6-23:59:00,Classification,0,32.0,0.2,100.0,50.0,0.0,0.0,,0.001,0.0,0,0.0,,0.0,BNN_BALD,25CP_BNN_BALD_B1_HS50_DR2_E100_LR001_BST32_K20,COMPAS/BayesianNeuralNetworkPredictor/Raw/25CP_BNN_BALD_B1_HS50_DR2_E100_LR001_BST32_K20.pkl
1,0.8,COMPAS,0,0,0.0,30000M,LFRPredictor,medium,0.5,Adder,25,BatchQBCSelector,0.2,6-23:59:00,Classification,0,0.0,0.0,0.0,0.0,0.0,0.0,,0.0,0.0,100,0.0,,0.01,Dlfr,25CP_Dlfr_A5_DW0_DEW0_B1,COMPAS/LFRPredictor/Raw/25CP_Dlfr_A5_DW0_DEW0_B1.pkl
1,0.8,COMPAS,0,0,20.0,30000M,BayesianNeuralNetworkPredictor,medium,0.0,Adder,26,PassiveLearningSelector,0.2,6-23:59:00,Classification,0,32.0,0.2,100.0,50.0,0.0,0.0,,0.001,0.0,0,0.0,,0.0,BNN_PL,26CP_BNN_PL_B1_HS50_DR2_E100_LR001_BST32,COMPAS/BayesianNeuralNetworkPredictor/Raw/26CP_BNN_PL_B1_HS50_DR2_E100_LR001_BST32.pkl
1,0.8,COMPAS,0,0,0.0,30000M,GaussianProcessClassifierPredictor,medium,0.0,Adder,26,PassiveLearningSelector,0.2,6-23:59:00,Classification,0,0.0,0.0,0.0,0.0,1.0,1.5,RBF,0.0,100.0,0,0.0,fmin_l_bfgs_b,0.0,GPC_PL,26CP_GPC_PL_B1_KTRBF_KLS1_KNU1.5,COMPAS/GaussianProcessClassifierPredictor/Raw/26CP_GPC_PL_B1_KTRBF_KLS1_KNU1.5.pkl
1,0.8,COMPAS,0,0,0.0,30000M,LFRPredictor,medium,0.5,Adder,26,BatchQBCSelector,0.2,6-23:59:00,Classification,0,0.0,0.0,0.0,0.0,0.0,0.0,,0.0,0.0,100,0.0,,0.01,Dlfr,26CP_Dlfr_A5_DW0_DEW0_B1,COMPAS/LFRPredictor/Raw/26CP_Dlfr_A5_DW0_DEW0_B1.pkl
1,0.8,COMPAS,0,0,20.0,30000M,GaussianProcessClassifierPredictor,medium,0.0,Adder,26,BALDSelector,0.2,6-23:59:00,Classification,0,0.0,0.0,0.0,0.0,1.0,1.5,RBF,0.0,100.0,0,0.0,fmin_l_bfgs_b,0.0,GPC_BALD,26CP_GPC_BALD_B1_KTRBF_KLS1_KNU1.5_K20,COMPAS/GaussianProcessClassifierPredictor/Raw/26CP_GPC_BALD_B1_KTRBF_KLS1_KNU1.5_K20.pkl
1,0.8,COMPAS,0,0,0.0,30000M,LFRPredictor,medium,0.5,Adder,26,BatchQBCSelector,0.2,6-23:59:00,Classification,1,0.0,0.0,0.0,0.0,0.0,0.0,,0.0,0.0,100,0.0,,0.01,Ulfr,26CP_Ulfr_A5_DW0_DEW0_B1,COMPAS/LFRPredictor/Raw/26CP_Ulfr_A5_DW0_DEW0_B1.pkl
1,0.8,COMPAS,0,0,20.0,30000M,BayesianNeuralNetworkPredictor,medium,0.0,Adder,26,BALDSelector,0.2,6-23:59:00,Classification,0,32.0,0.2,100.0,50.0,0.0,0.0,,0.001,0.0,0,0.0,,0.0,BNN_BALD,26CP_BNN_BALD_B1_HS50_DR2_E100_LR001_BST32_K20,COMPAS/BayesianNeuralNetworkPredictor/Raw/26CP_BNN_BALD_B1_HS50_DR2_E100_LR001_BST32_K20.pkl
1,0.8,COMPAS,0,0,20.0,30000M,BayesianNeuralNetworkPredictor,medium,0.0,Adder,27,PassiveLearningSelector,0.2,6-23:59:00,Classification,0,32.0,0.2,100.0,50.0,0.0,0.0,,0.001,0.0,0,0.0,,0.0,BNN_PL,27CP_BNN_PL_B1_HS50_DR2_E100_LR001_BST32,COMPAS/BayesianNeuralNetworkPredictor/Raw/27CP_BNN_PL_B1_HS50_DR2_E100_LR001_BST32.pkl
1,0.8,COMPAS,0,0,20.0,30000M,GaussianProcessClassifierPredictor,medium,0.0,Adder,27,BALDSelector,0.2,6-23:59:00,Classification,0,0.0,0.0,0.0,0.0,1.0,1.5,RBF,0.0,100.0,0,0.0,fmin_l_bfgs_b,0.0,GPC_BALD,27CP_GPC_BALD_B1_KTRBF_KLS1_KNU1.5_K20,COMPAS/GaussianProcessClassifierPredictor/Raw/27CP_GPC_BALD_B1_KTRBF_KLS1_KNU1.5_K20.pkl
1,0.8,COMPAS,0,0,0.0,30000M,LFRPredictor,medium,0.5,Adder,27,BatchQBCSelector,0.2,6-23:59:00,Classification,1,0.0,0.0,0.0,0.0,0.0,0.0,,0.0,0.0,100,0.0,,0.01,Ulfr,27CP_Ulfr_A5_DW0_DEW0_B1,COMPAS/LFRPredictor/Raw/27CP_Ulfr_A5_DW0_DEW0_B1.pkl
1,0.8,COMPAS,0,0,20.0,30000M,BayesianNeuralNetworkPredictor,medium,0.0,Adder,27,BALDSelector,0.2,6-23:59:00,Classification,0,32.0,0.2,100.0,50.0,0.0,0.0,,0.001,0.0,0,0.0,,0.0,BNN_BALD,27CP_BNN_BALD_B1_HS50_DR2_E100_LR001_BST32_K20,COMPAS/BayesianNeuralNetworkPredictor/Raw/27CP_BNN_BALD_B1_HS50_DR2_E100_LR001_BST32_K20.pkl
1,0.8,COMPAS,0,0,0.0,30000M,GaussianProcessClassifierPredictor,medium,0.0,Adder,27,PassiveLearningSelector,0.2,6-23:59:00,Classification,0,0.0,0.0,0.0,0.0,1.0,1.5,RBF,0.0,100.0,0,0.0,fmin_l_bfgs_b,0.0,GPC_PL,27CP_GPC_PL_B1_KTRBF_KLS1_KNU1.5,COMPAS/GaussianProcessClassifierPredictor/Raw/27CP_GPC_PL_B1_KTRBF_KLS1_KNU1.5.pkl
1,0.8,COMPAS,0,0,0.0,30000M,LFRPredictor,medium,0.5,Adder,27,BatchQBCSelector,0.2,6-23:59:00,Classification,0,0.0,0.0,0.0,0.0,0.0,0.0,,0.0,0.0,100,0.0,,0.01,Dlfr,27CP_Dlfr_A5_DW0_DEW0_B1,COMPAS/LFRPredictor/Raw/27CP_Dlfr_A5_DW0_DEW0_B1.pkl
1,0.8,COMPAS,0,0,0.0,30000M,LFRPredictor,medium,0.5,Adder,28,BatchQBCSelector,0.2,6-23:59:00,Classification,1,0.0,0.0,0.0,0.0,0.0,0.0,,0.0,0.0,100,0.0,,0.01,Ulfr,28CP_Ulfr_A5_DW0_DEW0_B1,COMPAS/LFRPredictor/Raw/28CP_Ulfr_A5_DW0_DEW0_B1.pkl
1,0.8,COMPAS,0,0,20.0,30000M,GaussianProcessClassifierPredictor,medium,0.0,Adder,28,BALDSelector,0.2,6-23:59:00,Classification,0,0.0,0.0,0.0,0.0,1.0,1.5,RBF,0.0,100.0,0,0.0,fmin_l_bfgs_b,0.0,GPC_BALD,28CP_GPC_BALD_B1_KTRBF_KLS1_KNU1.5_K20,COMPAS/GaussianProcessClassifierPredictor/Raw/28CP_GPC_BALD_B1_KTRBF_KLS1_KNU1.5_K20.pkl
1,0.8,COMPAS,0,0,20.0,30000M,BayesianNeuralNetworkPredictor,medium,0.0,Adder,28,BALDSelector,0.2,6-23:59:00,Classification,0,32.0,0.2,100.0,50.0,0.0,0.0,,0.001,0.0,0,0.0,,0.0,BNN_BALD,28CP_BNN_BALD_B1_HS50_DR2_E100_LR001_BST32_K20,COMPAS/BayesianNeuralNetworkPredictor/Raw/28CP_BNN_BALD_B1_HS50_DR2_E100_LR001_BST32_K20.pkl
1,0.8,COMPAS,0,0,0.0,30000M,GaussianProcessClassifierPredictor,medium,0.0,Adder,28,PassiveLearningSelector,0.2,6-23:59:00,Classification,0,0.0,0.0,0.0,0.0,1.0,1.5,RBF,0.0,100.0,0,0.0,fmin_l_bfgs_b,0.0,GPC_PL,28CP_GPC_PL_B1_KTRBF_KLS1_KNU1.5,COMPAS/GaussianProcessClassifierPredictor/Raw/28CP_GPC_PL_B1_KTRBF_KLS1_KNU1.5.pkl
1,0.8,COMPAS,0,0,20.0,30000M,BayesianNeuralNetworkPredictor,medium,0.0,Adder,28,PassiveLearningSelector,0.2,6-23:59:00,Classification,0,32.0,0.2,100.0,50.0,0.0,0.0,,0.001,0.0,0,0.0,,0.0,BNN_PL,28CP_BNN_PL_B1_HS50_DR2_E100_LR001_BST32,COMPAS/BayesianNeuralNetworkPredictor/Raw/28CP_BNN_PL_B1_HS50_DR2_E100_LR001_BST32.pkl
1,0.8,COMPAS,0,0,0.0,30000M,LFRPredictor,medium,0.5,Adder,28,BatchQBCSelector,0.2,6-23:59:00,Classification,0,0.0,0.0,0.0,0.0,0.0,0.0,,0.0,0.0,100,0.0,,0.01,Dlfr,28CP_Dlfr_A5_DW0_DEW0_B1,COMPAS/LFRPredictor/Raw/28CP_Dlfr_A5_DW0_DEW0_B1.pkl
1,0.8,COMPAS,0,0,20.0,30000M,BayesianNeuralNetworkPredictor,medium,0.0,Adder,29,BALDSelector,0.2,6-23:59:00,Classification,0,32.0,0.2,100.0,50.0,0.0,0.0,,0.001,0.0,0,0.0,,0.0,BNN_BALD,29CP_BNN_BALD_B1_HS50_DR2_E100_LR001_BST32_K20,COMPAS/BayesianNeuralNetworkPredictor/Raw/29CP_BNN_BALD_B1_HS50_DR2_E100_LR001_BST32_K20.pkl
1,0.8,COMPAS,0,0,0.0,30000M,LFRPredictor,medium,0.5,Adder,29,BatchQBCSelector,0.2,6-23:59:00,Classification,0,0.0,0.0,0.0,0.0,0.0,0.0,,0.0,0.0,100,0.0,,0.01,Dlfr,29CP_Dlfr_A5_DW0_DEW0_B1,COMPAS/LFRPredictor/Raw/29CP_Dlfr_A5_DW0_DEW0_B1.pkl
1,0.8,COMPAS,0,0,20.0,30000M,GaussianProcessClassifierPredictor,medium,0.0,Adder,29,BALDSelector,0.2,6-23:59:00,Classification,0,0.0,0.0,0.0,0.0,1.0,1.5,RBF,0.0,100.0,0,0.0,fmin_l_bfgs_b,0.0,GPC_BALD,29CP_GPC_BALD_B1_KTRBF_KLS1_KNU1.5_K20,COMPAS/GaussianProcessClassifierPredictor/Raw/29CP_GPC_BALD_B1_KTRBF_KLS1_KNU1.5_K20.pkl
1,0.8,COMPAS,0,0,0.0,30000M,LFRPredictor,medium,0.5,Adder,29,BatchQBCSelector,0.2,6-23:59:00,Classification,1,0.0,0.0,0.0,0.0,0.0,0.0,,0.0,0.0,100,0.0,,0.01,Ulfr,29CP_Ulfr_A5_DW0_DEW0_B1,COMPAS/LFRPredictor/Raw/29CP_Ulfr_A5_DW0_DEW0_B1.pkl
1,0.8,COMPAS,0,0,0.0,30000M,GaussianProcessClassifierPredictor,medium,0.0,Adder,29,PassiveLearningSelector,0.2,6-23:59:00,Classification,0,0.0,0.0,0.0,0.0,1.0,1.5,RBF,0.0,100.0,0,0.0,fmin_l_bfgs_b,0.0,GPC_PL,29CP_GPC_PL_B1_KTRBF_KLS1_KNU1.5,COMPAS/GaussianProcessClassifierPredictor/Raw/29CP_GPC_PL_B1_KTRBF_KLS1_KNU1.5.pkl
1,0.8,COMPAS,0,0,20.0,30000M,BayesianNeuralNetworkPredictor,medium,0.0,Adder,29,PassiveLearningSelector,0.2,6-23:59:00,Classification,0,32.0,0.2,100.0,50.0,0.0,0.0,,0.001,0.0,0,0.0,,0.0,BNN_PL,29CP_BNN_PL_B1_HS50_DR2_E100_LR001_BST32,COMPAS/BayesianNeuralNetworkPredictor/Raw/29CP_BNN_PL_B1_HS50_DR2_E100_LR001_BST32.pkl
1,0.8,COMPAS,0,0,20.0,30000M,GaussianProcessClassifierPredictor,medium,0.0,Adder,30,BALDSelector,0.2,6-23:59:00,Classification,0,0.0,0.0,0.0,0.0,1.0,1.5,RBF,0.0,100.0,0,0.0,fmin_l_bfgs_b,0.0,GPC_BALD,30CP_GPC_BALD_B1_KTRBF_KLS1_KNU1.5_K20,COMPAS/GaussianProcessClassifierPredictor/Raw/30CP_GPC_BALD_B1_KTRBF_KLS1_KNU1.5_K20.pkl
1,0.8,COMPAS,0,0,0.0,30000M,GaussianProcessClassifierPredictor,medium,0.0,Adder,30,PassiveLearningSelector,0.2,6-23:59:00,Classification,0,0.0,0.0,0.0,0.0,1.0,1.5,RBF,0.0,100.0,0,0.0,fmin_l_bfgs_b,0.0,GPC_PL,30CP_GPC_PL_B1_KTRBF_KLS1_KNU1.5,COMPAS/GaussianProcessClassifierPredictor/Raw/30CP_GPC_PL_B1_KTRBF_KLS1_KNU1.5.pkl
1,0.8,COMPAS,0,0,0.0,30000M,LFRPredictor,medium,0.5,Adder,30,BatchQBCSelector,0.2,6-23:59:00,Classification,0,0.0,0.0,0.0,0.0,0.0,0.0,,0.0,0.0,100,0.0,,0.01,Dlfr,30CP_Dlfr_A5_DW0_DEW0_B1,COMPAS/LFRPredictor/Raw/30CP_Dlfr_A5_DW0_DEW0_B1.pkl
1,0.8,COMPAS,0,0,20.0,30000M,BayesianNeuralNetworkPredictor,medium,0.0,Adder,30,BALDSelector,0.2,6-23:59:00,Classification,0,32.0,0.2,100.0,50.0,0.0,0.0,,0.001,0.0,0,0.0,,0.0,BNN_BALD,30CP_BNN_BALD_B1_HS50_DR2_E100_LR001_BST32_K20,COMPAS/BayesianNeuralNetworkPredictor/Raw/30CP_BNN_BALD_B1_HS50_DR2_E100_LR001_BST32_K20.pkl
1,0.8,COMPAS,0,0,20.0,30000M,BayesianNeuralNetworkPredictor,medium,0.0,Adder,30,PassiveLearningSelector,0.2,6-23:59:00,Classification,0,32.0,0.2,100.0,50.0,0.0,0.0,,0.001,0.0,0,0.0,,0.0,BNN_PL,30CP_BNN_PL_B1_HS50_DR2_E100_LR001_BST32,COMPAS/BayesianNeuralNetworkPredictor/Raw/30CP_BNN_PL_B1_HS50_DR2_E100_LR001_BST32.pkl
1,0.8,COMPAS,0,0,0.0,30000M,LFRPredictor,medium,0.5,Adder,30,BatchQBCSelector,0.2,6-23:59:00,Classification,1,0.0,0.0,0.0,0.0,0.0,0.0,,0.0,0.0,100,0.0,,0.01,Ulfr,30CP_Ulfr_A5_DW0_DEW0_B1,COMPAS/LFRPredictor/Raw/30CP_Ulfr_A5_DW0_DEW0_B1.pkl
1,0.8,COMPAS,0,0,0.0,30000M,LFRPredictor,medium,0.5,Adder,31,BatchQBCSelector,0.2,6-23:59:00,Classification,1,0.0,0.0,0.0,0.0,0.0,0.0,,0.0,0.0,100,0.0,,0.01,Ulfr,31CP_Ulfr_A5_DW0_DEW0_B1,COMPAS/LFRPredictor/Raw/31CP_Ulfr_A5_DW0_DEW0_B1.pkl
1,0.8,COMPAS,0,0,20.0,30000M,BayesianNeuralNetworkPredictor,medium,0.0,Adder,31,PassiveLearningSelector,0.2,6-23:59:00,Classification,0,32.0,0.2,100.0,50.0,0.0,0.0,,0.001,0.0,0,0.0,,0.0,BNN_PL,31CP_BNN_PL_B1_HS50_DR2_E100_LR001_BST32,COMPAS/BayesianNeuralNetworkPredictor/Raw/31CP_BNN_PL_B1_HS50_DR2_E100_LR001_BST32.pkl
1,0.8,COMPAS,0,0,20.0,30000M,BayesianNeuralNetworkPredictor,medium,0.0,Adder,31,BALDSelector,0.2,6-23:59:00,Classification,0,32.0,0.2,100.0,50.0,0.0,0.0,,0.001,0.0,0,0.0,,0.0,BNN_BALD,31CP_BNN_BALD_B1_HS50_DR2_E100_LR001_BST32_K20,COMPAS/BayesianNeuralNetworkPredictor/Raw/31CP_BNN_BALD_B1_HS50_DR2_E100_LR001_BST32_K20.pkl
1,0.8,COMPAS,0,0,0.0,30000M,LFRPredictor,medium,0.5,Adder,31,BatchQBCSelector,0.2,6-23:59:00,Classification,0,0.0,0.0,0.0,0.0,0.0,0.0,,0.0,0.0,100,0.0,,0.01,Dlfr,31CP_Dlfr_A5_DW0_DEW0_B1,COMPAS/LFRPredictor/Raw/31CP_Dlfr_A5_DW0_DEW0_B1.pkl
1,0.8,COMPAS,0,0,0.0,30000M,GaussianProcessClassifierPredictor,medium,0.0,Adder,31,PassiveLearningSelector,0.2,6-23:59:00,Classification,0,0.0,0.0,0.0,0.0,1.0,1.5,RBF,0.0,100.0,0,0.0,fmin_l_bfgs_b,0.0,GPC_PL,31CP_GPC_PL_B1_KTRBF_KLS1_KNU1.5,COMPAS/GaussianProcessClassifierPredictor/Raw/31CP_GPC_PL_B1_KTRBF_KLS1_KNU1.5.pkl
1,0.8,COMPAS,0,0,20.0,30000M,GaussianProcessClassifierPredictor,medium,0.0,Adder,31,BALDSelector,0.2,6-23:59:00,Classification,0,0.0,0.0,0.0,0.0,1.0,1.5,RBF,0.0,100.0,0,0.0,fmin_l_bfgs_b,0.0,GPC_BALD,31CP_GPC_BALD_B1_KTRBF_KLS1_KNU1.5_K20,COMPAS/GaussianProcessClassifierPredictor/Raw/31CP_GPC_BALD_B1_KTRBF_KLS1_KNU1.5_K20.pkl
1,0.8,COMPAS,0,0,20.0,30000M,BayesianNeuralNetworkPredictor,medium,0.0,Adder,32,PassiveLearningSelector,0.2,6-23:59:00,Classification,0,32.0,0.2,100.0,50.0,0.0,0.0,,0.001,0.0,0,0.0,,0.0,BNN_PL,32CP_BNN_PL_B1_HS50_DR2_E100_LR001_BST32,COMPAS/BayesianNeuralNetworkPredictor/Raw/32CP_BNN_PL_B1_HS50_DR2_E100_LR001_BST32.pkl
1,0.8,COMPAS,0,0,0.0,30000M,LFRPredictor,medium,0.5,Adder,32,BatchQBCSelector,0.2,6-23:59:00,Classification,1,0.0,0.0,0.0,0.0,0.0,0.0,,0.0,0.0,100,0.0,,0.01,Ulfr,32CP_Ulfr_A5_DW0_DEW0_B1,COMPAS/LFRPredictor/Raw/32CP_Ulfr_A5_DW0_DEW0_B1.pkl
1,0.8,COMPAS,0,0,0.0,30000M,GaussianProcessClassifierPredictor,medium,0.0,Adder,32,PassiveLearningSelector,0.2,6-23:59:00,Classification,0,0.0,0.0,0.0,0.0,1.0,1.5,RBF,0.0,100.0,0,0.0,fmin_l_bfgs_b,0.0,GPC_PL,32CP_GPC_PL_B1_KTRBF_KLS1_KNU1.5,COMPAS/GaussianProcessClassifierPredictor/Raw/32CP_GPC_PL_B1_KTRBF_KLS1_KNU1.5.pkl
1,0.8,COMPAS,0,0,20.0,30000M,BayesianNeuralNetworkPredictor,medium,0.0,Adder,32,BALDSelector,0.2,6-23:59:00,Classification,0,32.0,0.2,100.0,50.0,0.0,0.0,,0.001,0.0,0,0.0,,0.0,BNN_BALD,32CP_BNN_BALD_B1_HS50_DR2_E100_LR001_BST32_K20,COMPAS/BayesianNeuralNetworkPredictor/Raw/32CP_BNN_BALD_B1_HS50_DR2_E100_LR001_BST32_K20.pkl
1,0.8,COMPAS,0,0,0.0,30000M,LFRPredictor,medium,0.5,Adder,32,BatchQBCSelector,0.2,6-23:59:00,Classification,0,0.0,0.0,0.0,0.0,0.0,0.0,,0.0,0.0,100,0.0,,0.01,Dlfr,32CP_Dlfr_A5_DW0_DEW0_B1,COMPAS/LFRPredictor/Raw/32CP_Dlfr_A5_DW0_DEW0_B1.pkl
1,0.8,COMPAS,0,0,20.0,30000M,GaussianProcessClassifierPredictor,medium,0.0,Adder,32,BALDSelector,0.2,6-23:59:00,Classification,0,0.0,0.0,0.0,0.0,1.0,1.5,RBF,0.0,100.0,0,0.0,fmin_l_bfgs_b,0.0,GPC_BALD,32CP_GPC_BALD_B1_KTRBF_KLS1_KNU1.5_K20,COMPAS/GaussianProcessClassifierPredictor/Raw/32CP_GPC_BALD_B1_KTRBF_KLS1_KNU1.5_K20.pkl
1,0.8,COMPAS,0,0,20.0,30000M,GaussianProcessClassifierPredictor,medium,0.0,Adder,33,BALDSelector,0.2,6-23:59:00,Classification,0,0.0,0.0,0.0,0.0,1.0,1.5,RBF,0.0,100.0,0,0.0,fmin_l_bfgs_b,0.0,GPC_BALD,33CP_GPC_BALD_B1_KTRBF_KLS1_KNU1.5_K20,COMPAS/GaussianProcessClassifierPredictor/Raw/33CP_GPC_BALD_B1_KTRBF_KLS1_KNU1.5_K20.pkl
1,0.8,COMPAS,0,0,0.0,30000M,LFRPredictor,medium,0.5,Adder,33,BatchQBCSelector,0.2,6-23:59:00,Classification,1,0.0,0.0,0.0,0.0,0.0,0.0,,0.0,0.0,100,0.0,,0.01,Ulfr,33CP_Ulfr_A5_DW0_DEW0_B1,COMPAS/LFRPredictor/Raw/33CP_Ulfr_A5_DW0_DEW0_B1.pkl
1,0.8,COMPAS,0,0,20.0,30000M,BayesianNeuralNetworkPredictor,medium,0.0,Adder,33,BALDSelector,0.2,6-23:59:00,Classification,0,32.0,0.2,100.0,50.0,0.0,0.0,,0.001,0.0,0,0.0,,0.0,BNN_BALD,33CP_BNN_BALD_B1_HS50_DR2_E100_LR001_BST32_K20,COMPAS/BayesianNeuralNetworkPredictor/Raw/33CP_BNN_BALD_B1_HS50_DR2_E100_LR001_BST32_K20.pkl
1,0.8,COMPAS,0,0,20.0,30000M,BayesianNeuralNetworkPredictor,medium,0.0,Adder,33,PassiveLearningSelector,0.2,6-23:59:00,Classification,0,32.0,0.2,100.0,50.0,0.0,0.0,,0.001,0.0,0,0.0,,0.0,BNN_PL,33CP_BNN_PL_B1_HS50_DR2_E100_LR001_BST32,COMPAS/BayesianNeuralNetworkPredictor/Raw/33CP_BNN_PL_B1_HS50_DR2_E100_LR001_BST32.pkl
1,0.8,COMPAS,0,0,0.0,30000M,GaussianProcessClassifierPredictor,medium,0.0,Adder,33,PassiveLearningSelector,0.2,6-23:59:00,Classification,0,0.0,0.0,0.0,0.0,1.0,1.5,RBF,0.0,100.0,0,0.0,fmin_l_bfgs_b,0.0,GPC_PL,33CP_GPC_PL_B1_KTRBF_KLS1_KNU1.5,COMPAS/GaussianProcessClassifierPredictor/Raw/33CP_GPC_PL_B1_KTRBF_KLS1_KNU1.5.pkl
1,0.8,COMPAS,0,0,0.0,30000M,LFRPredictor,medium,0.5,Adder,33,BatchQBCSelector,0.2,6-23:59:00,Classification,0,0.0,0.0,0.0,0.0,0.0,0.0,,0.0,0.0,100,0.0,,0.01,Dlfr,33CP_Dlfr_A5_DW0_DEW0_B1,COMPAS/LFRPredictor/Raw/33CP_Dlfr_A5_DW0_DEW0_B1.pkl
1,0.8,COMPAS,0,0,0.0,30000M,LFRPredictor,medium,0.5,Adder,34,BatchQBCSelector,0.2,6-23:59:00,Classification,1,0.0,0.0,0.0,0.0,0.0,0.0,,0.0,0.0,100,0.0,,0.01,Ulfr,34CP_Ulfr_A5_DW0_DEW0_B1,COMPAS/LFRPredictor/Raw/34CP_Ulfr_A5_DW0_DEW0_B1.pkl
1,0.8,COMPAS,0,0,20.0,30000M,BayesianNeuralNetworkPredictor,medium,0.0,Adder,34,PassiveLearningSelector,0.2,6-23:59:00,Classification,0,32.0,0.2,100.0,50.0,0.0,0.0,,0.001,0.0,0,0.0,,0.0,BNN_PL,34CP_BNN_PL_B1_HS50_DR2_E100_LR001_BST32,COMPAS/BayesianNeuralNetworkPredictor/Raw/34CP_BNN_PL_B1_HS50_DR2_E100_LR001_BST32.pkl
1,0.8,COMPAS,0,0,0.0,30000M,LFRPredictor,medium,0.5,Adder,34,BatchQBCSelector,0.2,6-23:59:00,Classification,0,0.0,0.0,0.0,0.0,0.0,0.0,,0.0,0.0,100,0.0,,0.01,Dlfr,34CP_Dlfr_A5_DW0_DEW0_B1,COMPAS/LFRPredictor/Raw/34CP_Dlfr_A5_DW0_DEW0_B1.pkl
1,0.8,COMPAS,0,0,20.0,30000M,GaussianProcessClassifierPredictor,medium,0.0,Adder,34,BALDSelector,0.2,6-23:59:00,Classification,0,0.0,0.0,0.0,0.0,1.0,1.5,RBF,0.0,100.0,0,0.0,fmin_l_bfgs_b,0.0,GPC_BALD,34CP_GPC_BALD_B1_KTRBF_KLS1_KNU1.5_K20,COMPAS/GaussianProcessClassifierPredictor/Raw/34CP_GPC_BALD_B1_KTRBF_KLS1_KNU1.5_K20.pkl
1,0.8,COMPAS,0,0,20.0,30000M,BayesianNeuralNetworkPredictor,medium,0.0,Adder,34,BALDSelector,0.2,6-23:59:00,Classification,0,32.0,0.2,100.0,50.0,0.0,0.0,,0.001,0.0,0,0.0,,0.0,BNN_BALD,34CP_BNN_BALD_B1_HS50_DR2_E100_LR001_BST32_K20,COMPAS/BayesianNeuralNetworkPredictor/Raw/34CP_BNN_BALD_B1_HS50_DR2_E100_LR001_BST32_K20.pkl
1,0.8,COMPAS,0,0,0.0,30000M,GaussianProcessClassifierPredictor,medium,0.0,Adder,34,PassiveLearningSelector,0.2,6-23:59:00,Classification,0,0.0,0.0,0.0,0.0,1.0,1.5,RBF,0.0,100.0,0,0.0,fmin_l_bfgs_b,0.0,GPC_PL,34CP_GPC_PL_B1_KTRBF_KLS1_KNU1.5,COMPAS/GaussianProcessClassifierPredictor/Raw/34CP_GPC_PL_B1_KTRBF_KLS1_KNU1.5.pkl
1,0.8,COMPAS,0,0,20.0,30000M,GaussianProcessClassifierPredictor,medium,0.0,Adder,35,BALDSelector,0.2,6-23:59:00,Classification,0,0.0,0.0,0.0,0.0,1.0,1.5,RBF,0.0,100.0,0,0.0,fmin_l_bfgs_b,0.0,GPC_BALD,35CP_GPC_BALD_B1_KTRBF_KLS1_KNU1.5_K20,COMPAS/GaussianProcessClassifierPredictor/Raw/35CP_GPC_BALD_B1_KTRBF_KLS1_KNU1.5_K20.pkl
1,0.8,COMPAS,0,0,0.0,30000M,GaussianProcessClassifierPredictor,medium,0.0,Adder,35,PassiveLearningSelector,0.2,6-23:59:00,Classification,0,0.0,0.0,0.0,0.0,1.0,1.5,RBF,0.0,100.0,0,0.0,fmin_l_bfgs_b,0.0,GPC_PL,35CP_GPC_PL_B1_KTRBF_KLS1_KNU1.5,COMPAS/GaussianProcessClassifierPredictor/Raw/35CP_GPC_PL_B1_KTRBF_KLS1_KNU1.5.pkl
1,0.8,COMPAS,0,0,0.0,30000M,LFRPredictor,medium,0.5,Adder,35,BatchQBCSelector,0.2,6-23:59:00,Classification,0,0.0,0.0,0.0,0.0,0.0,0.0,,0.0,0.0,100,0.0,,0.01,Dlfr,35CP_Dlfr_A5_DW0_DEW0_B1,COMPAS/LFRPredictor/Raw/35CP_Dlfr_A5_DW0_DEW0_B1.pkl
1,0.8,COMPAS,0,0,0.0,30000M,LFRPredictor,medium,0.5,Adder,35,BatchQBCSelector,0.2,6-23:59:00,Classification,1,0.0,0.0,0.0,0.0,0.0,0.0,,0.0,0.0,100,0.0,,0.01,Ulfr,35CP_Ulfr_A5_DW0_DEW0_B1,COMPAS/LFRPredictor/Raw/35CP_Ulfr_A5_DW0_DEW0_B1.pkl
1,0.8,COMPAS,0,0,20.0,30000M,BayesianNeuralNetworkPredictor,medium,0.0,Adder,35,BALDSelector,0.2,6-23:59:00,Classification,0,32.0,0.2,100.0,50.0,0.0,0.0,,0.001,0.0,0,0.0,,0.0,BNN_BALD,35CP_BNN_BALD_B1_HS50_DR2_E100_LR001_BST32_K20,COMPAS/BayesianNeuralNetworkPredictor/Raw/35CP_BNN_BALD_B1_HS50_DR2_E100_LR001_BST32_K20.pkl
1,0.8,COMPAS,0,0,20.0,30000M,BayesianNeuralNetworkPredictor,medium,0.0,Adder,35,PassiveLearningSelector,0.2,6-23:59:00,Classification,0,32.0,0.2,100.0,50.0,0.0,0.0,,0.001,0.0,0,0.0,,0.0,BNN_PL,35CP_BNN_PL_B1_HS50_DR2_E100_LR001_BST32,COMPAS/BayesianNeuralNetworkPredictor/Raw/35CP_BNN_PL_B1_HS50_DR2_E100_LR001_BST32.pkl
1,0.8,COMPAS,0,0,20.0,30000M,BayesianNeuralNetworkPredictor,medium,0.0,Adder,36,BALDSelector,0.2,6-23:59:00,Classification,0,32.0,0.2,100.0,50.0,0.0,0.0,,0.001,0.0,0,0.0,,0.0,BNN_BALD,36CP_BNN_BALD_B1_HS50_DR2_E100_LR001_BST32_K20,COMPAS/BayesianNeuralNetworkPredictor/Raw/36CP_BNN_BALD_B1_HS50_DR2_E100_LR001_BST32_K20.pkl
1,0.8,COMPAS,0,0,0.0,30000M,LFRPredictor,medium,0.5,Adder,36,BatchQBCSelector,0.2,6-23:59:00,Classification,0,0.0,0.0,0.0,0.0,0.0,0.0,,0.0,0.0,100,0.0,,0.01,Dlfr,36CP_Dlfr_A5_DW0_DEW0_B1,COMPAS/LFRPredictor/Raw/36CP_Dlfr_A5_DW0_DEW0_B1.pkl
1,0.8,COMPAS,0,0,20.0,30000M,GaussianProcessClassifierPredictor,medium,0.0,Adder,36,BALDSelector,0.2,6-23:59:00,Classification,0,0.0,0.0,0.0,0.0,1.0,1.5,RBF,0.0,100.0,0,0.0,fmin_l_bfgs_b,0.0,GPC_BALD,36CP_GPC_BALD_B1_KTRBF_KLS1_KNU1.5_K20,COMPAS/GaussianProcessClassifierPredictor/Raw/36CP_GPC_BALD_B1_KTRBF_KLS1_KNU1.5_K20.pkl
1,0.8,COMPAS,0,0,0.0,30000M,LFRPredictor,medium,0.5,Adder,36,BatchQBCSelector,0.2,6-23:59:00,Classification,1,0.0,0.0,0.0,0.0,0.0,0.0,,0.0,0.0,100,0.0,,0.01,Ulfr,36CP_Ulfr_A5_DW0_DEW0_B1,COMPAS/LFRPredictor/Raw/36CP_Ulfr_A5_DW0_DEW0_B1.pkl
1,0.8,COMPAS,0,0,0.0,30000M,GaussianProcessClassifierPredictor,medium,0.0,Adder,36,PassiveLearningSelector,0.2,6-23:59:00,Classification,0,0.0,0.0,0.0,0.0,1.0,1.5,RBF,0.0,100.0,0,0.0,fmin_l_bfgs_b,0.0,GPC_PL,36CP_GPC_PL_B1_KTRBF_KLS1_KNU1.5,COMPAS/GaussianProcessClassifierPredictor/Raw/36CP_GPC_PL_B1_KTRBF_KLS1_KNU1.5.pkl
1,0.8,COMPAS,0,0,20.0,30000M,BayesianNeuralNetworkPredictor,medium,0.0,Adder,36,PassiveLearningSelector,0.2,6-23:59:00,Classification,0,32.0,0.2,100.0,50.0,0.0,0.0,,0.001,0.0,0,0.0,,0.0,BNN_PL,36CP_BNN_PL_B1_HS50_DR2_E100_LR001_BST32,COMPAS/BayesianNeuralNetworkPredictor/Raw/36CP_BNN_PL_B1_HS50_DR2_E100_LR001_BST32.pkl
1,0.8,COMPAS,0,0,0.0,30000M,LFRPredictor,medium,0.5,Adder,37,BatchQBCSelector,0.2,6-23:59:00,Classification,1,0.0,0.0,0.0,0.0,0.0,0.0,,0.0,0.0,100,0.0,,0.01,Ulfr,37CP_Ulfr_A5_DW0_DEW0_B1,COMPAS/LFRPredictor/Raw/37CP_Ulfr_A5_DW0_DEW0_B1.pkl
1,0.8,COMPAS,0,0,20.0,30000M,BayesianNeuralNetworkPredictor,medium,0.0,Adder,37,BALDSelector,0.2,6-23:59:00,Classification,0,32.0,0.2,100.0,50.0,0.0,0.0,,0.001,0.0,0,0.0,,0.0,BNN_BALD,37CP_BNN_BALD_B1_HS50_DR2_E100_LR001_BST32_K20,COMPAS/BayesianNeuralNetworkPredictor/Raw/37CP_BNN_BALD_B1_HS50_DR2_E100_LR001_BST32_K20.pkl
1,0.8,COMPAS,0,0,0.0,30000M,GaussianProcessClassifierPredictor,medium,0.0,Adder,37,PassiveLearningSelector,0.2,6-23:59:00,Classification,0,0.0,0.0,0.0,0.0,1.0,1.5,RBF,0.0,100.0,0,0.0,fmin_l_bfgs_b,0.0,GPC_PL,37CP_GPC_PL_B1_KTRBF_KLS1_KNU1.5,COMPAS/GaussianProcessClassifierPredictor/Raw/37CP_GPC_PL_B1_KTRBF_KLS1_KNU1.5.pkl
1,0.8,COMPAS,0,0,0.0,30000M,LFRPredictor,medium,0.5,Adder,37,BatchQBCSelector,0.2,6-23:59:00,Classification,0,0.0,0.0,0.0,0.0,0.0,0.0,,0.0,0.0,100,0.0,,0.01,Dlfr,37CP_Dlfr_A5_DW0_DEW0_B1,COMPAS/LFRPredictor/Raw/37CP_Dlfr_A5_DW0_DEW0_B1.pkl
1,0.8,COMPAS,0,0,20.0,30000M,GaussianProcessClassifierPredictor,medium,0.0,Adder,37,BALDSelector,0.2,6-23:59:00,Classification,0,0.0,0.0,0.0,0.0,1.0,1.5,RBF,0.0,100.0,0,0.0,fmin_l_bfgs_b,0.0,GPC_BALD,37CP_GPC_BALD_B1_KTRBF_KLS1_KNU1.5_K20,COMPAS/GaussianProcessClassifierPredictor/Raw/37CP_GPC_BALD_B1_KTRBF_KLS1_KNU1.5_K20.pkl
1,0.8,COMPAS,0,0,20.0,30000M,BayesianNeuralNetworkPredictor,medium,0.0,Adder,37,PassiveLearningSelector,0.2,6-23:59:00,Classification,0,32.0,0.2,100.0,50.0,0.0,0.0,,0.001,0.0,0,0.0,,0.0,BNN_PL,37CP_BNN_PL_B1_HS50_DR2_E100_LR001_BST32,COMPAS/BayesianNeuralNetworkPredictor/Raw/37CP_BNN_PL_B1_HS50_DR2_E100_LR001_BST32.pkl
1,0.8,COMPAS,0,0,0.0,30000M,LFRPredictor,medium,0.5,Adder,38,BatchQBCSelector,0.2,6-23:59:00,Classification,0,0.0,0.0,0.0,0.0,0.0,0.0,,0.0,0.0,100,0.0,,0.01,Dlfr,38CP_Dlfr_A5_DW0_DEW0_B1,COMPAS/LFRPredictor/Raw/38CP_Dlfr_A5_DW0_DEW0_B1.pkl
1,0.8,COMPAS,0,0,20.0,30000M,BayesianNeuralNetworkPredictor,medium,0.0,Adder,38,PassiveLearningSelector,0.2,6-23:59:00,Classification,0,32.0,0.2,100.0,50.0,0.0,0.0,,0.001,0.0,0,0.0,,0.0,BNN_PL,38CP_BNN_PL_B1_HS50_DR2_E100_LR001_BST32,COMPAS/BayesianNeuralNetworkPredictor/Raw/38CP_BNN_PL_B1_HS50_DR2_E100_LR001_BST32.pkl
1,0.8,COMPAS,0,0,20.0,30000M,BayesianNeuralNetworkPredictor,medium,0.0,Adder,38,BALDSelector,0.2,6-23:59:00,Classification,0,32.0,0.2,100.0,50.0,0.0,0.0,,0.001,0.0,0,0.0,,0.0,BNN_BALD,38CP_BNN_BALD_B1_HS50_DR2_E100_LR001_BST32_K20,COMPAS/BayesianNeuralNetworkPredictor/Raw/38CP_BNN_BALD_B1_HS50_DR2_E100_LR001_BST32_K20.pkl
1,0.8,COMPAS,0,0,0.0,30000M,GaussianProcessClassifierPredictor,medium,0.0,Adder,38,PassiveLearningSelector,0.2,6-23:59:00,Classification,0,0.0,0.0,0.0,0.0,1.0,1.5,RBF,0.0,100.0,0,0.0,fmin_l_bfgs_b,0.0,GPC_PL,38CP_GPC_PL_B1_KTRBF_KLS1_KNU1.5,COMPAS/GaussianProcessClassifierPredictor/Raw/38CP_GPC_PL_B1_KTRBF_KLS1_KNU1.5.pkl
1,0.8,COMPAS,0,0,0.0,30000M,LFRPredictor,medium,0.5,Adder,38,BatchQBCSelector,0.2,6-23:59:00,Classification,1,0.0,0.0,0.0,0.0,0.0,0.0,,0.0,0.0,100,0.0,,0.01,Ulfr,38CP_Ulfr_A5_DW0_DEW0_B1,COMPAS/LFRPredictor/Raw/38CP_Ulfr_A5_DW0_DEW0_B1.pkl
1,0.8,COMPAS,0,0,20.0,30000M,GaussianProcessClassifierPredictor,medium,0.0,Adder,38,BALDSelector,0.2,6-23:59:00,Classification,0,0.0,0.0,0.0,0.0,1.0,1.5,RBF,0.0,100.0,0,0.0,fmin_l_bfgs_b,0.0,GPC_BALD,38CP_GPC_BALD_B1_KTRBF_KLS1_KNU1.5_K20,COMPAS/GaussianProcessClassifierPredictor/Raw/38CP_GPC_BALD_B1_KTRBF_KLS1_KNU1.5_K20.pkl
1,0.8,COMPAS,0,0,0.0,30000M,LFRPredictor,medium,0.5,Adder,39,BatchQBCSelector,0.2,6-23:59:00,Classification,0,0.0,0.0,0.0,0.0,0.0,0.0,,0.0,0.0,100,0.0,,0.01,Dlfr,39CP_Dlfr_A5_DW0_DEW0_B1,COMPAS/LFRPredictor/Raw/39CP_Dlfr_A5_DW0_DEW0_B1.pkl
1,0.8,COMPAS,0,0,0.0,30000M,GaussianProcessClassifierPredictor,medium,0.0,Adder,39,PassiveLearningSelector,0.2,6-23:59:00,Classification,0,0.0,0.0,0.0,0.0,1.0,1.5,RBF,0.0,100.0,0,0.0,fmin_l_bfgs_b,0.0,GPC_PL,39CP_GPC_PL_B1_KTRBF_KLS1_KNU1.5,COMPAS/GaussianProcessClassifierPredictor/Raw/39CP_GPC_PL_B1_KTRBF_KLS1_KNU1.5.pkl
1,0.8,COMPAS,0,0,0.0,30000M,LFRPredictor,medium,0.5,Adder,39,BatchQBCSelector,0.2,6-23:59:00,Classification,1,0.0,0.0,0.0,0.0,0.0,0.0,,0.0,0.0,100,0.0,,0.01,Ulfr,39CP_Ulfr_A5_DW0_DEW0_B1,COMPAS/LFRPredictor/Raw/39CP_Ulfr_A5_DW0_DEW0_B1.pkl
1,0.8,COMPAS,0,0,20.0,30000M,GaussianProcessClassifierPredictor,medium,0.0,Adder,39,BALDSelector,0.2,6-23:59:00,Classification,0,0.0,0.0,0.0,0.0,1.0,1.5,RBF,0.0,100.0,0,0.0,fmin_l_bfgs_b,0.0,GPC_BALD,39CP_GPC_BALD_B1_KTRBF_KLS1_KNU1.5_K20,COMPAS/GaussianProcessClassifierPredictor/Raw/39CP_GPC_BALD_B1_KTRBF_KLS1_KNU1.5_K20.pkl
1,0.8,COMPAS,0,0,20.0,30000M,BayesianNeuralNetworkPredictor,medium,0.0,Adder,39,BALDSelector,0.2,6-23:59:00,Classification,0,32.0,0.2,100.0,50.0,0.0,0.0,,0.001,0.0,0,0.0,,0.0,BNN_BALD,39CP_BNN_BALD_B1_HS50_DR2_E100_LR001_BST32_K20,COMPAS/BayesianNeuralNetworkPredictor/Raw/39CP_BNN_BALD_B1_HS50_DR2_E100_LR001_BST32_K20.pkl
1,0.8,COMPAS,0,0,20.0,30000M,BayesianNeuralNetworkPredictor,medium,0.0,Adder,39,PassiveLearningSelector,0.2,6-23:59:00,Classification,0,32.0,0.2,100.0,50.0,0.0,0.0,,0.001,0.0,0,0.0,,0.0,BNN_PL,39CP_BNN_PL_B1_HS50_DR2_E100_LR001_BST32,COMPAS/BayesianNeuralNetworkPredictor/Raw/39CP_BNN_PL_B1_HS50_DR2_E100_LR001_BST32.pkl
1,0.8,COMPAS,0,0,20.0,30000M,BayesianNeuralNetworkPredictor,medium,0.0,Adder,40,PassiveLearningSelector,0.2,6-23:59:00,Classification,0,32.0,0.2,100.0,50.0,0.0,0.0,,0.001,0.0,0,0.0,,0.0,BNN_PL,40CP_BNN_PL_B1_HS50_DR2_E100_LR001_BST32,COMPAS/BayesianNeuralNetworkPredictor/Raw/40CP_BNN_PL_B1_HS50_DR2_E100_LR001_BST32.pkl
1,0.8,COMPAS,0,0,0.0,30000M,LFRPredictor,medium,0.5,Adder,40,BatchQBCSelector,0.2,6-23:59:00,Classification,1,0.0,0.0,0.0,0.0,0.0,0.0,,0.0,0.0,100,0.0,,0.01,Ulfr,40CP_Ulfr_A5_DW0_DEW0_B1,COMPAS/LFRPredictor/Raw/40CP_Ulfr_A5_DW0_DEW0_B1.pkl
1,0.8,COMPAS,0,0,20.0,30000M,GaussianProcessClassifierPredictor,medium,0.0,Adder,40,BALDSelector,0.2,6-23:59:00,Classification,0,0.0,0.0,0.0,0.0,1.0,1.5,RBF,0.0,100.0,0,0.0,fmin_l_bfgs_b,0.0,GPC_BALD,40CP_GPC_BALD_B1_KTRBF_KLS1_KNU1.5_K20,COMPAS/GaussianProcessClassifierPredictor/Raw/40CP_GPC_BALD_B1_KTRBF_KLS1_KNU1.5_K20.pkl
1,0.8,COMPAS,0,0,0.0,30000M,LFRPredictor,medium,0.5,Adder,40,BatchQBCSelector,0.2,6-23:59:00,Classification,0,0.0,0.0,0.0,0.0,0.0,0.0,,0.0,0.0,100,0.0,,0.01,Dlfr,40CP_Dlfr_A5_DW0_DEW0_B1,COMPAS/LFRPredictor/Raw/40CP_Dlfr_A5_DW0_DEW0_B1.pkl
1,0.8,COMPAS,0,0,20.0,30000M,BayesianNeuralNetworkPredictor,medium,0.0,Adder,40,BALDSelector,0.2,6-23:59:00,Classification,0,32.0,0.2,100.0,50.0,0.0,0.0,,0.001,0.0,0,0.0,,0.0,BNN_BALD,40CP_BNN_BALD_B1_HS50_DR2_E100_LR001_BST32_K20,COMPAS/BayesianNeuralNetworkPredictor/Raw/40CP_BNN_BALD_B1_HS50_DR2_E100_LR001_BST32_K20.pkl
1,0.8,COMPAS,0,0,0.0,30000M,GaussianProcessClassifierPredictor,medium,0.0,Adder,40,PassiveLearningSelector,0.2,6-23:59:00,Classification,0,0.0,0.0,0.0,0.0,1.0,1.5,RBF,0.0,100.0,0,0.0,fmin_l_bfgs_b,0.0,GPC_PL,40CP_GPC_PL_B1_KTRBF_KLS1_KNU1.5,COMPAS/GaussianProcessClassifierPredictor/Raw/40CP_GPC_PL_B1_KTRBF_KLS1_KNU1.5.pkl
1,0.8,COMPAS,0,0,20.0,30000M,GaussianProcessClassifierPredictor,medium,0.0,Adder,41,BALDSelector,0.2,6-23:59:00,Classification,0,0.0,0.0,0.0,0.0,1.0,1.5,RBF,0.0,100.0,0,0.0,fmin_l_bfgs_b,0.0,GPC_BALD,41CP_GPC_BALD_B1_KTRBF_KLS1_KNU1.5_K20,COMPAS/GaussianProcessClassifierPredictor/Raw/41CP_GPC_BALD_B1_KTRBF_KLS1_KNU1.5_K20.pkl
1,0.8,COMPAS,0,0,0.0,30000M,LFRPredictor,medium,0.5,Adder,41,BatchQBCSelector,0.2,6-23:59:00,Classification,0,0.0,0.0,0.0,0.0,0.0,0.0,,0.0,0.0,100,0.0,,0.01,Dlfr,41CP_Dlfr_A5_DW0_DEW0_B1,COMPAS/LFRPredictor/Raw/41CP_Dlfr_A5_DW0_DEW0_B1.pkl
1,0.8,COMPAS,0,0,0.0,30000M,GaussianProcessClassifierPredictor,medium,0.0,Adder,41,PassiveLearningSelector,0.2,6-23:59:00,Classification,0,0.0,0.0,0.0,0.0,1.0,1.5,RBF,0.0,100.0,0,0.0,fmin_l_bfgs_b,0.0,GPC_PL,41CP_GPC_PL_B1_KTRBF_KLS1_KNU1.5,COMPAS/GaussianProcessClassifierPredictor/Raw/41CP_GPC_PL_B1_KTRBF_KLS1_KNU1.5.pkl
1,0.8,COMPAS,0,0,20.0,30000M,BayesianNeuralNetworkPredictor,medium,0.0,Adder,41,PassiveLearningSelector,0.2,6-23:59:00,Classification,0,32.0,0.2,100.0,50.0,0.0,0.0,,0.001,0.0,0,0.0,,0.0,BNN_PL,41CP_BNN_PL_B1_HS50_DR2_E100_LR001_BST32,COMPAS/BayesianNeuralNetworkPredictor/Raw/41CP_BNN_PL_B1_HS50_DR2_E100_LR001_BST32.pkl
1,0.8,COMPAS,0,0,20.0,30000M,BayesianNeuralNetworkPredictor,medium,0.0,Adder,41,BALDSelector,0.2,6-23:59:00,Classification,0,32.0,0.2,100.0,50.0,0.0,0.0,,0.001,0.0,0,0.0,,0.0,BNN_BALD,41CP_BNN_BALD_B1_HS50_DR2_E100_LR001_BST32_K20,COMPAS/BayesianNeuralNetworkPredictor/Raw/41CP_BNN_BALD_B1_HS50_DR2_E100_LR001_BST32_K20.pkl
1,0.8,COMPAS,0,0,0.0,30000M,LFRPredictor,medium,0.5,Adder,41,BatchQBCSelector,0.2,6-23:59:00,Classification,1,0.0,0.0,0.0,0.0,0.0,0.0,,0.0,0.0,100,0.0,,0.01,Ulfr,41CP_Ulfr_A5_DW0_DEW0_B1,COMPAS/LFRPredictor/Raw/41CP_Ulfr_A5_DW0_DEW0_B1.pkl
1,0.8,COMPAS,0,0,0.0,30000M,GaussianProcessClassifierPredictor,medium,0.0,Adder,42,PassiveLearningSelector,0.2,6-23:59:00,Classification,0,0.0,0.0,0.0,0.0,1.0,1.5,RBF,0.0,100.0,0,0.0,fmin_l_bfgs_b,0.0,GPC_PL,42CP_GPC_PL_B1_KTRBF_KLS1_KNU1.5,COMPAS/GaussianProcessClassifierPredictor/Raw/42CP_GPC_PL_B1_KTRBF_KLS1_KNU1.5.pkl
1,0.8,COMPAS,0,0,0.0,30000M,LFRPredictor,medium,0.5,Adder,42,BatchQBCSelector,0.2,6-23:59:00,Classification,0,0.0,0.0,0.0,0.0,0.0,0.0,,0.0,0.0,100,0.0,,0.01,Dlfr,42CP_Dlfr_A5_DW0_DEW0_B1,COMPAS/LFRPredictor/Raw/42CP_Dlfr_A5_DW0_DEW0_B1.pkl
1,0.8,COMPAS,0,0,20.0,30000M,BayesianNeuralNetworkPredictor,medium,0.0,Adder,42,BALDSelector,0.2,6-23:59:00,Classification,0,32.0,0.2,100.0,50.0,0.0,0.0,,0.001,0.0,0,0.0,,0.0,BNN_BALD,42CP_BNN_BALD_B1_HS50_DR2_E100_LR001_BST32_K20,COMPAS/BayesianNeuralNetworkPredictor/Raw/42CP_BNN_BALD_B1_HS50_DR2_E100_LR001_BST32_K20.pkl
1,0.8,COMPAS,0,0,20.0,30000M,GaussianProcessClassifierPredictor,medium,0.0,Adder,42,BALDSelector,0.2,6-23:59:00,Classification,0,0.0,0.0,0.0,0.0,1.0,1.5,RBF,0.0,100.0,0,0.0,fmin_l_bfgs_b,0.0,GPC_BALD,42CP_GPC_BALD_B1_KTRBF_KLS1_KNU1.5_K20,COMPAS/GaussianProcessClassifierPredictor/Raw/42CP_GPC_BALD_B1_KTRBF_KLS1_KNU1.5_K20.pkl
1,0.8,COMPAS,0,0,0.0,30000M,LFRPredictor,medium,0.5,Adder,42,BatchQBCSelector,0.2,6-23:59:00,Classification,1,0.0,0.0,0.0,0.0,0.0,0.0,,0.0,0.0,100,0.0,,0.01,Ulfr,42CP_Ulfr_A5_DW0_DEW0_B1,COMPAS/LFRPredictor/Raw/42CP_Ulfr_A5_DW0_DEW0_B1.pkl
1,0.8,COMPAS,0,0,20.0,30000M,BayesianNeuralNetworkPredictor,medium,0.0,Adder,42,PassiveLearningSelector,0.2,6-23:59:00,Classification,0,32.0,0.2,100.0,50.0,0.0,0.0,,0.001,0.0,0,0.0,,0.0,BNN_PL,42CP_BNN_PL_B1_HS50_DR2_E100_LR001_BST32,COMPAS/BayesianNeuralNetworkPredictor/Raw/42CP_BNN_PL_B1_HS50_DR2_E100_LR001_BST32.pkl
1,0.8,COMPAS,0,0,0.0,30000M,LFRPredictor,medium,0.5,Adder,43,BatchQBCSelector,0.2,6-23:59:00,Classification,0,0.0,0.0,0.0,0.0,0.0,0.0,,0.0,0.0,100,0.0,,0.01,Dlfr,43CP_Dlfr_A5_DW0_DEW0_B1,COMPAS/LFRPredictor/Raw/43CP_Dlfr_A5_DW0_DEW0_B1.pkl
1,0.8,COMPAS,0,0,20.0,30000M,BayesianNeuralNetworkPredictor,medium,0.0,Adder,43,PassiveLearningSelector,0.2,6-23:59:00,Classification,0,32.0,0.2,100.0,50.0,0.0,0.0,,0.001,0.0,0,0.0,,0.0,BNN_PL,43CP_BNN_PL_B1_HS50_DR2_E100_LR001_BST32,COMPAS/BayesianNeuralNetworkPredictor/Raw/43CP_BNN_PL_B1_HS50_DR2_E100_LR001_BST32.pkl
1,0.8,COMPAS,0,0,20.0,30000M,GaussianProcessClassifierPredictor,medium,0.0,Adder,43,BALDSelector,0.2,6-23:59:00,Classification,0,0.0,0.0,0.0,0.0,1.0,1.5,RBF,0.0,100.0,0,0.0,fmin_l_bfgs_b,0.0,GPC_BALD,43CP_GPC_BALD_B1_KTRBF_KLS1_KNU1.5_K20,COMPAS/GaussianProcessClassifierPredictor/Raw/43CP_GPC_BALD_B1_KTRBF_KLS1_KNU1.5_K20.pkl
1,0.8,COMPAS,0,0,0.0,30000M,LFRPredictor,medium,0.5,Adder,43,BatchQBCSelector,0.2,6-23:59:00,Classification,1,0.0,0.0,0.0,0.0,0.0,0.0,,0.0,0.0,100,0.0,,0.01,Ulfr,43CP_Ulfr_A5_DW0_DEW0_B1,COMPAS/LFRPredictor/Raw/43CP_Ulfr_A5_DW0_DEW0_B1.pkl
1,0.8,COMPAS,0,0,20.0,30000M,BayesianNeuralNetworkPredictor,medium,0.0,Adder,43,BALDSelector,0.2,6-23:59:00,Classification,0,32.0,0.2,100.0,50.0,0.0,0.0,,0.001,0.0,0,0.0,,0.0,BNN_BALD,43CP_BNN_BALD_B1_HS50_DR2_E100_LR001_BST32_K20,COMPAS/BayesianNeuralNetworkPredictor/Raw/43CP_BNN_BALD_B1_HS50_DR2_E100_LR001_BST32_K20.pkl
1,0.8,COMPAS,0,0,0.0,30000M,GaussianProcessClassifierPredictor,medium,0.0,Adder,43,PassiveLearningSelector,0.2,6-23:59:00,Classification,0,0.0,0.0,0.0,0.0,1.0,1.5,RBF,0.0,100.0,0,0.0,fmin_l_bfgs_b,0.0,GPC_PL,43CP_GPC_PL_B1_KTRBF_KLS1_KNU1.5,COMPAS/GaussianProcessClassifierPredictor/Raw/43CP_GPC_PL_B1_KTRBF_KLS1_KNU1.5.pkl
1,0.8,COMPAS,0,0,0.0,30000M,LFRPredictor,medium,0.5,Adder,44,BatchQBCSelector,0.2,6-23:59:00,Classification,1,0.0,0.0,0.0,0.0,0.0,0.0,,0.0,0.0,100,0.0,,0.01,Ulfr,44CP_Ulfr_A5_DW0_DEW0_B1,COMPAS/LFRPredictor/Raw/44CP_Ulfr_A5_DW0_DEW0_B1.pkl
1,0.8,COMPAS,0,0,0.0,30000M,GaussianProcessClassifierPredictor,medium,0.0,Adder,44,PassiveLearningSelector,0.2,6-23:59:00,Classification,0,0.0,0.0,0.0,0.0,1.0,1.5,RBF,0.0,100.0,0,0.0,fmin_l_bfgs_b,0.0,GPC_PL,44CP_GPC_PL_B1_KTRBF_KLS1_KNU1.5,COMPAS/GaussianProcessClassifierPredictor/Raw/44CP_GPC_PL_B1_KTRBF_KLS1_KNU1.5.pkl
1,0.8,COMPAS,0,0,0.0,30000M,LFRPredictor,medium,0.5,Adder,44,BatchQBCSelector,0.2,6-23:59:00,Classification,0,0.0,0.0,0.0,0.0,0.0,0.0,,0.0,0.0,100,0.0,,0.01,Dlfr,44CP_Dlfr_A5_DW0_DEW0_B1,COMPAS/LFRPredictor/Raw/44CP_Dlfr_A5_DW0_DEW0_B1.pkl
1,0.8,COMPAS,0,0,20.0,30000M,GaussianProcessClassifierPredictor,medium,0.0,Adder,44,BALDSelector,0.2,6-23:59:00,Classification,0,0.0,0.0,0.0,0.0,1.0,1.5,RBF,0.0,100.0,0,0.0,fmin_l_bfgs_b,0.0,GPC_BALD,44CP_GPC_BALD_B1_KTRBF_KLS1_KNU1.5_K20,COMPAS/GaussianProcessClassifierPredictor/Raw/44CP_GPC_BALD_B1_KTRBF_KLS1_KNU1.5_K20.pkl
1,0.8,COMPAS,0,0,20.0,30000M,BayesianNeuralNetworkPredictor,medium,0.0,Adder,44,PassiveLearningSelector,0.2,6-23:59:00,Classification,0,32.0,0.2,100.0,50.0,0.0,0.0,,0.001,0.0,0,0.0,,0.0,BNN_PL,44CP_BNN_PL_B1_HS50_DR2_E100_LR001_BST32,COMPAS/BayesianNeuralNetworkPredictor/Raw/44CP_BNN_PL_B1_HS50_DR2_E100_LR001_BST32.pkl
1,0.8,COMPAS,0,0,20.0,30000M,BayesianNeuralNetworkPredictor,medium,0.0,Adder,44,BALDSelector,0.2,6-23:59:00,Classification,0,32.0,0.2,100.0,50.0,0.0,0.0,,0.001,0.0,0,0.0,,0.0,BNN_BALD,44CP_BNN_BALD_B1_HS50_DR2_E100_LR001_BST32_K20,COMPAS/BayesianNeuralNetworkPredictor/Raw/44CP_BNN_BALD_B1_HS50_DR2_E100_LR001_BST32_K20.pkl
1,0.8,COMPAS,0,0,0.0,30000M,LFRPredictor,medium,0.5,Adder,45,BatchQBCSelector,0.2,6-23:59:00,Classification,0,0.0,0.0,0.0,0.0,0.0,0.0,,0.0,0.0,100,0.0,,0.01,Dlfr,45CP_Dlfr_A5_DW0_DEW0_B1,COMPAS/LFRPredictor/Raw/45CP_Dlfr_A5_DW0_DEW0_B1.pkl
1,0.8,COMPAS,0,0,0.0,30000M,GaussianProcessClassifierPredictor,medium,0.0,Adder,45,PassiveLearningSelector,0.2,6-23:59:00,Classification,0,0.0,0.0,0.0,0.0,1.0,1.5,RBF,0.0,100.0,0,0.0,fmin_l_bfgs_b,0.0,GPC_PL,45CP_GPC_PL_B1_KTRBF_KLS1_KNU1.5,COMPAS/GaussianProcessClassifierPredictor/Raw/45CP_GPC_PL_B1_KTRBF_KLS1_KNU1.5.pkl
1,0.8,COMPAS,0,0,20.0,30000M,GaussianProcessClassifierPredictor,medium,0.0,Adder,45,BALDSelector,0.2,6-23:59:00,Classification,0,0.0,0.0,0.0,0.0,1.0,1.5,RBF,0.0,100.0,0,0.0,fmin_l_bfgs_b,0.0,GPC_BALD,45CP_GPC_BALD_B1_KTRBF_KLS1_KNU1.5_K20,COMPAS/GaussianProcessClassifierPredictor/Raw/45CP_GPC_BALD_B1_KTRBF_KLS1_KNU1.5_K20.pkl
1,0.8,COMPAS,0,0,20.0,30000M,BayesianNeuralNetworkPredictor,medium,0.0,Adder,45,PassiveLearningSelector,0.2,6-23:59:00,Classification,0,32.0,0.2,100.0,50.0,0.0,0.0,,0.001,0.0,0,0.0,,0.0,BNN_PL,45CP_BNN_PL_B1_HS50_DR2_E100_LR001_BST32,COMPAS/BayesianNeuralNetworkPredictor/Raw/45CP_BNN_PL_B1_HS50_DR2_E100_LR001_BST32.pkl
1,0.8,COMPAS,0,0,20.0,30000M,BayesianNeuralNetworkPredictor,medium,0.0,Adder,45,BALDSelector,0.2,6-23:59:00,Classification,0,32.0,0.2,100.0,50.0,0.0,0.0,,0.001,0.0,0,0.0,,0.0,BNN_BALD,45CP_BNN_BALD_B1_HS50_DR2_E100_LR001_BST32_K20,COMPAS/BayesianNeuralNetworkPredictor/Raw/45CP_BNN_BALD_B1_HS50_DR2_E100_LR001_BST32_K20.pkl
1,0.8,COMPAS,0,0,0.0,30000M,LFRPredictor,medium,0.5,Adder,45,BatchQBCSelector,0.2,6-23:59:00,Classification,1,0.0,0.0,0.0,0.0,0.0,0.0,,0.0,0.0,100,0.0,,0.01,Ulfr,45CP_Ulfr_A5_DW0_DEW0_B1,COMPAS/LFRPredictor/Raw/45CP_Ulfr_A5_DW0_DEW0_B1.pkl
1,0.8,COMPAS,0,0,0.0,30000M,GaussianProcessClassifierPredictor,medium,0.0,Adder,46,PassiveLearningSelector,0.2,6-23:59:00,Classification,0,0.0,0.0,0.0,0.0,1.0,1.5,RBF,0.0,100.0,0,0.0,fmin_l_bfgs_b,0.0,GPC_PL,46CP_GPC_PL_B1_KTRBF_KLS1_KNU1.5,COMPAS/GaussianProcessClassifierPredictor/Raw/46CP_GPC_PL_B1_KTRBF_KLS1_KNU1.5.pkl
1,0.8,COMPAS,0,0,20.0,30000M,BayesianNeuralNetworkPredictor,medium,0.0,Adder,46,PassiveLearningSelector,0.2,6-23:59:00,Classification,0,32.0,0.2,100.0,50.0,0.0,0.0,,0.001,0.0,0,0.0,,0.0,BNN_PL,46CP_BNN_PL_B1_HS50_DR2_E100_LR001_BST32,COMPAS/BayesianNeuralNetworkPredictor/Raw/46CP_BNN_PL_B1_HS50_DR2_E100_LR001_BST32.pkl
1,0.8,COMPAS,0,0,20.0,30000M,BayesianNeuralNetworkPredictor,medium,0.0,Adder,46,BALDSelector,0.2,6-23:59:00,Classification,0,32.0,0.2,100.0,50.0,0.0,0.0,,0.001,0.0,0,0.0,,0.0,BNN_BALD,46CP_BNN_BALD_B1_HS50_DR2_E100_LR001_BST32_K20,COMPAS/BayesianNeuralNetworkPredictor/Raw/46CP_BNN_BALD_B1_HS50_DR2_E100_LR001_BST32_K20.pkl
1,0.8,COMPAS,0,0,20.0,30000M,GaussianProcessClassifierPredictor,medium,0.0,Adder,46,BALDSelector,0.2,6-23:59:00,Classification,0,0.0,0.0,0.0,0.0,1.0,1.5,RBF,0.0,100.0,0,0.0,fmin_l_bfgs_b,0.0,GPC_BALD,46CP_GPC_BALD_B1_KTRBF_KLS1_KNU1.5_K20,COMPAS/GaussianProcessClassifierPredictor/Raw/46CP_GPC_BALD_B1_KTRBF_KLS1_KNU1.5_K20.pkl
1,0.8,COMPAS,0,0,0.0,30000M,LFRPredictor,medium,0.5,Adder,46,BatchQBCSelector,0.2,6-23:59:00,Classification,1,0.0,0.0,0.0,0.0,0.0,0.0,,0.0,0.0,100,0.0,,0.01,Ulfr,46CP_Ulfr_A5_DW0_DEW0_B1,COMPAS/LFRPredictor/Raw/46CP_Ulfr_A5_DW0_DEW0_B1.pkl
1,0.8,COMPAS,0,0,0.0,30000M,LFRPredictor,medium,0.5,Adder,46,BatchQBCSelector,0.2,6-23:59:00,Classification,0,0.0,0.0,0.0,0.0,0.0,0.0,,0.0,0.0,100,0.0,,0.01,Dlfr,46CP_Dlfr_A5_DW0_DEW0_B1,COMPAS/LFRPredictor/Raw/46CP_Dlfr_A5_DW0_DEW0_B1.pkl
1,0.8,COMPAS,0,0,20.0,30000M,BayesianNeuralNetworkPredictor,medium,0.0,Adder,47,PassiveLearningSelector,0.2,6-23:59:00,Classification,0,32.0,0.2,100.0,50.0,0.0,0.0,,0.001,0.0,0,0.0,,0.0,BNN_PL,47CP_BNN_PL_B1_HS50_DR2_E100_LR001_BST32,COMPAS/BayesianNeuralNetworkPredictor/Raw/47CP_BNN_PL_B1_HS50_DR2_E100_LR001_BST32.pkl
1,0.8,COMPAS,0,0,20.0,30000M,BayesianNeuralNetworkPredictor,medium,0.0,Adder,47,BALDSelector,0.2,6-23:59:00,Classification,0,32.0,0.2,100.0,50.0,0.0,0.0,,0.001,0.0,0,0.0,,0.0,BNN_BALD,47CP_BNN_BALD_B1_HS50_DR2_E100_LR001_BST32_K20,COMPAS/BayesianNeuralNetworkPredictor/Raw/47CP_BNN_BALD_B1_HS50_DR2_E100_LR001_BST32_K20.pkl
1,0.8,COMPAS,0,0,0.0,30000M,LFRPredictor,medium,0.5,Adder,47,BatchQBCSelector,0.2,6-23:59:00,Classification,0,0.0,0.0,0.0,0.0,0.0,0.0,,0.0,0.0,100,0.0,,0.01,Dlfr,47CP_Dlfr_A5_DW0_DEW0_B1,COMPAS/LFRPredictor/Raw/47CP_Dlfr_A5_DW0_DEW0_B1.pkl
1,0.8,COMPAS,0,0,0.0,30000M,GaussianProcessClassifierPredictor,medium,0.0,Adder,47,PassiveLearningSelector,0.2,6-23:59:00,Classification,0,0.0,0.0,0.0,0.0,1.0,1.5,RBF,0.0,100.0,0,0.0,fmin_l_bfgs_b,0.0,GPC_PL,47CP_GPC_PL_B1_KTRBF_KLS1_KNU1.5,COMPAS/GaussianProcessClassifierPredictor/Raw/47CP_GPC_PL_B1_KTRBF_KLS1_KNU1.5.pkl
1,0.8,COMPAS,0,0,20.0,30000M,GaussianProcessClassifierPredictor,medium,0.0,Adder,47,BALDSelector,0.2,6-23:59:00,Classification,0,0.0,0.0,0.0,0.0,1.0,1.5,RBF,0.0,100.0,0,0.0,fmin_l_bfgs_b,0.0,GPC_BALD,47CP_GPC_BALD_B1_KTRBF_KLS1_KNU1.5_K20,COMPAS/GaussianProcessClassifierPredictor/Raw/47CP_GPC_BALD_B1_KTRBF_KLS1_KNU1.5_K20.pkl
1,0.8,COMPAS,0,0,0.0,30000M,LFRPredictor,medium,0.5,Adder,47,BatchQBCSelector,0.2,6-23:59:00,Classification,1,0.0,0.0,0.0,0.0,0.0,0.0,,0.0,0.0,100,0.0,,0.01,Ulfr,47CP_Ulfr_A5_DW0_DEW0_B1,COMPAS/LFRPredictor/Raw/47CP_Ulfr_A5_DW0_DEW0_B1.pkl
1,0.8,COMPAS,0,0,20.0,30000M,BayesianNeuralNetworkPredictor,medium,0.0,Adder,48,PassiveLearningSelector,0.2,6-23:59:00,Classification,0,32.0,0.2,100.0,50.0,0.0,0.0,,0.001,0.0,0,0.0,,0.0,BNN_PL,48CP_BNN_PL_B1_HS50_DR2_E100_LR001_BST32,COMPAS/BayesianNeuralNetworkPredictor/Raw/48CP_BNN_PL_B1_HS50_DR2_E100_LR001_BST32.pkl
1,0.8,COMPAS,0,0,20.0,30000M,BayesianNeuralNetworkPredictor,medium,0.0,Adder,48,BALDSelector,0.2,6-23:59:00,Classification,0,32.0,0.2,100.0,50.0,0.0,0.0,,0.001,0.0,0,0.0,,0.0,BNN_BALD,48CP_BNN_BALD_B1_HS50_DR2_E100_LR001_BST32_K20,COMPAS/BayesianNeuralNetworkPredictor/Raw/48CP_BNN_BALD_B1_HS50_DR2_E100_LR001_BST32_K20.pkl
1,0.8,COMPAS,0,0,0.0,30000M,LFRPredictor,medium,0.5,Adder,48,BatchQBCSelector,0.2,6-23:59:00,Classification,0,0.0,0.0,0.0,0.0,0.0,0.0,,0.0,0.0,100,0.0,,0.01,Dlfr,48CP_Dlfr_A5_DW0_DEW0_B1,COMPAS/LFRPredictor/Raw/48CP_Dlfr_A5_DW0_DEW0_B1.pkl
1,0.8,COMPAS,0,0,0.0,30000M,GaussianProcessClassifierPredictor,medium,0.0,Adder,48,PassiveLearningSelector,0.2,6-23:59:00,Classification,0,0.0,0.0,0.0,0.0,1.0,1.5,RBF,0.0,100.0,0,0.0,fmin_l_bfgs_b,0.0,GPC_PL,48CP_GPC_PL_B1_KTRBF_KLS1_KNU1.5,COMPAS/GaussianProcessClassifierPredictor/Raw/48CP_GPC_PL_B1_KTRBF_KLS1_KNU1.5.pkl
1,0.8,COMPAS,0,0,20.0,30000M,GaussianProcessClassifierPredictor,medium,0.0,Adder,48,BALDSelector,0.2,6-23:59:00,Classification,0,0.0,0.0,0.0,0.0,1.0,1.5,RBF,0.0,100.0,0,0.0,fmin_l_bfgs_b,0.0,GPC_BALD,48CP_GPC_BALD_B1_KTRBF_KLS1_KNU1.5_K20,COMPAS/GaussianProcessClassifierPredictor/Raw/48CP_GPC_BALD_B1_KTRBF_KLS1_KNU1.5_K20.pkl
1,0.8,COMPAS,0,0,0.0,30000M,LFRPredictor,medium,0.5,Adder,48,BatchQBCSelector,0.2,6-23:59:00,Classification,1,0.0,0.0,0.0,0.0,0.0,0.0,,0.0,0.0,100,0.0,,0.01,Ulfr,48CP_Ulfr_A5_DW0_DEW0_B1,COMPAS/LFRPredictor/Raw/48CP_Ulfr_A5_DW0_DEW0_B1.pkl
1,0.8,COMPAS,0,0,20.0,30000M,BayesianNeuralNetworkPredictor,medium,0.0,Adder,49,BALDSelector,0.2,6-23:59:00,Classification,0,32.0,0.2,100.0,50.0,0.0,0.0,,0.001,0.0,0,0.0,,0.0,BNN_BALD,49CP_BNN_BALD_B1_HS50_DR2_E100_LR001_BST32_K20,COMPAS/BayesianNeuralNetworkPredictor/Raw/49CP_BNN_BALD_B1_HS50_DR2_E100_LR001_BST32_K20.pkl
1,0.8,COMPAS,0,0,20.0,30000M,GaussianProcessClassifierPredictor,medium,0.0,Adder,49,BALDSelector,0.2,6-23:59:00,Classification,0,0.0,0.0,0.0,0.0,1.0,1.5,RBF,0.0,100.0,0,0.0,fmin_l_bfgs_b,0.0,GPC_BALD,49CP_GPC_BALD_B1_KTRBF_KLS1_KNU1.5_K20,COMPAS/GaussianProcessClassifierPredictor/Raw/49CP_GPC_BALD_B1_KTRBF_KLS1_KNU1.5_K20.pkl
1,0.8,COMPAS,0,0,20.0,30000M,BayesianNeuralNetworkPredictor,medium,0.0,Adder,49,PassiveLearningSelector,0.2,6-23:59:00,Classification,0,32.0,0.2,100.0,50.0,0.0,0.0,,0.001,0.0,0,0.0,,0.0,BNN_PL,49CP_BNN_PL_B1_HS50_DR2_E100_LR001_BST32,COMPAS/BayesianNeuralNetworkPredictor/Raw/49CP_BNN_PL_B1_HS50_DR2_E100_LR001_BST32.pkl
1,0.8,COMPAS,0,0,0.0,30000M,GaussianProcessClassifierPredictor,medium,0.0,Adder,49,PassiveLearningSelector,0.2,6-23:59:00,Classification,0,0.0,0.0,0.0,0.0,1.0,1.5,RBF,0.0,100.0,0,0.0,fmin_l_bfgs_b,0.0,GPC_PL,49CP_GPC_PL_B1_KTRBF_KLS1_KNU1.5,COMPAS/GaussianProcessClassifierPredictor/Raw/49CP_GPC_PL_B1_KTRBF_KLS1_KNU1.5.pkl
1,0.8,COMPAS,0,0,0.0,30000M,LFRPredictor,medium,0.5,Adder,49,BatchQBCSelector,0.2,6-23:59:00,Classification,1,0.0,0.0,0.0,0.0,0.0,0.0,,0.0,0.0,100,0.0,,0.01,Ulfr,49CP_Ulfr_A5_DW0_DEW0_B1,COMPAS/LFRPredictor/Raw/49CP_Ulfr_A5_DW0_DEW0_B1.pkl
1,0.8,COMPAS,0,0,0.0,30000M,LFRPredictor,medium,0.5,Adder,49,BatchQBCSelector,0.2,6-23:59:00,Classification,0,0.0,0.0,0.0,0.0,0.0,0.0,,0.0,0.0,100,0.0,,0.01,Dlfr,49CP_Dlfr_A5_DW0_DEW0_B1,COMPAS/LFRPredictor/Raw/49CP_Dlfr_A5_DW0_DEW0_B1.pkl
