Data,Seed,TestProportion,CandidateProportion,SelectorType,ModelType,UniqueErrorsInput,n_estimators,regularization,rashomon_bound_adder,Type,JobName,Output
CPS,0,0.2,0.8,TreeEnsembleQBCFunction,TreeFarmsFunction,0,100,0.01,0.015,Classification,0CPS_DPL0.015,CPS/TreeFarms/Raw/0CPS_DPL0.015.pkl
CPS,0,0.2,0.8,TreeEnsembleQBCFunction,TreeFarmsFunction,1,100,0.01,0.015,Classification,0CPS_UNQ0.015,CPS/TreeFarms/Raw/0CPS_UNQ0.015.pkl
CPS,0,0.2,0.8,TreeEnsembleQBCFunction,RandomForestClassificationFunction,0,100,0.0,0.0,Classification,0CPS_RF0.0,CPS/RandomForestClassification/Raw/0CPS_RF0.0.pkl
CPS,1,0.2,0.8,TreeEnsembleQBCFunction,RandomForestClassificationFunction,0,100,0.0,0.0,Classification,1CPS_RF0.0,CPS/RandomForestClassification/Raw/1CPS_RF0.0.pkl
CPS,1,0.2,0.8,TreeEnsembleQBCFunction,TreeFarmsFunction,1,100,0.01,0.015,Classification,1CPS_UNQ0.015,CPS/TreeFarms/Raw/1CPS_UNQ0.015.pkl
CPS,1,0.2,0.8,TreeEnsembleQBCFunction,TreeFarmsFunction,0,100,0.01,0.015,Classification,1CPS_DPL0.015,CPS/TreeFarms/Raw/1CPS_DPL0.015.pkl
CPS,2,0.2,0.8,TreeEnsembleQBCFunction,TreeFarmsFunction,0,100,0.01,0.015,Classification,2CPS_DPL0.015,CPS/TreeFarms/Raw/2CPS_DPL0.015.pkl
CPS,2,0.2,0.8,TreeEnsembleQBCFunction,TreeFarmsFunction,1,100,0.01,0.015,Classification,2CPS_UNQ0.015,CPS/TreeFarms/Raw/2CPS_UNQ0.015.pkl
CPS,2,0.2,0.8,TreeEnsembleQBCFunction,RandomForestClassificationFunction,0,100,0.0,0.0,Classification,2CPS_RF0.0,CPS/RandomForestClassification/Raw/2CPS_RF0.0.pkl
CPS,3,0.2,0.8,TreeEnsembleQBCFunction,TreeFarmsFunction,0,100,0.01,0.015,Classification,3CPS_DPL0.015,CPS/TreeFarms/Raw/3CPS_DPL0.015.pkl
CPS,3,0.2,0.8,TreeEnsembleQBCFunction,TreeFarmsFunction,1,100,0.01,0.015,Classification,3CPS_UNQ0.015,CPS/TreeFarms/Raw/3CPS_UNQ0.015.pkl
CPS,3,0.2,0.8,TreeEnsembleQBCFunction,RandomForestClassificationFunction,0,100,0.0,0.0,Classification,3CPS_RF0.0,CPS/RandomForestClassification/Raw/3CPS_RF0.0.pkl
CPS,4,0.2,0.8,TreeEnsembleQBCFunction,RandomForestClassificationFunction,0,100,0.0,0.0,Classification,4CPS_RF0.0,CPS/RandomForestClassification/Raw/4CPS_RF0.0.pkl
CPS,4,0.2,0.8,TreeEnsembleQBCFunction,TreeFarmsFunction,1,100,0.01,0.015,Classification,4CPS_UNQ0.015,CPS/TreeFarms/Raw/4CPS_UNQ0.015.pkl
CPS,4,0.2,0.8,TreeEnsembleQBCFunction,TreeFarmsFunction,0,100,0.01,0.015,Classification,4CPS_DPL0.015,CPS/TreeFarms/Raw/4CPS_DPL0.015.pkl
CPS,5,0.2,0.8,TreeEnsembleQBCFunction,RandomForestClassificationFunction,0,100,0.0,0.0,Classification,5CPS_RF0.0,CPS/RandomForestClassification/Raw/5CPS_RF0.0.pkl
CPS,5,0.2,0.8,TreeEnsembleQBCFunction,TreeFarmsFunction,0,100,0.01,0.015,Classification,5CPS_DPL0.015,CPS/TreeFarms/Raw/5CPS_DPL0.015.pkl
CPS,5,0.2,0.8,TreeEnsembleQBCFunction,TreeFarmsFunction,1,100,0.01,0.015,Classification,5CPS_UNQ0.015,CPS/TreeFarms/Raw/5CPS_UNQ0.015.pkl
CPS,6,0.2,0.8,TreeEnsembleQBCFunction,TreeFarmsFunction,1,100,0.01,0.015,Classification,6CPS_UNQ0.015,CPS/TreeFarms/Raw/6CPS_UNQ0.015.pkl
CPS,6,0.2,0.8,TreeEnsembleQBCFunction,RandomForestClassificationFunction,0,100,0.0,0.0,Classification,6CPS_RF0.0,CPS/RandomForestClassification/Raw/6CPS_RF0.0.pkl
CPS,6,0.2,0.8,TreeEnsembleQBCFunction,TreeFarmsFunction,0,100,0.01,0.015,Classification,6CPS_DPL0.015,CPS/TreeFarms/Raw/6CPS_DPL0.015.pkl
CPS,7,0.2,0.8,TreeEnsembleQBCFunction,TreeFarmsFunction,0,100,0.01,0.015,Classification,7CPS_DPL0.015,CPS/TreeFarms/Raw/7CPS_DPL0.015.pkl
CPS,7,0.2,0.8,TreeEnsembleQBCFunction,RandomForestClassificationFunction,0,100,0.0,0.0,Classification,7CPS_RF0.0,CPS/RandomForestClassification/Raw/7CPS_RF0.0.pkl
CPS,7,0.2,0.8,TreeEnsembleQBCFunction,TreeFarmsFunction,1,100,0.01,0.015,Classification,7CPS_UNQ0.015,CPS/TreeFarms/Raw/7CPS_UNQ0.015.pkl
CPS,8,0.2,0.8,TreeEnsembleQBCFunction,RandomForestClassificationFunction,0,100,0.0,0.0,Classification,8CPS_RF0.0,CPS/RandomForestClassification/Raw/8CPS_RF0.0.pkl
CPS,8,0.2,0.8,TreeEnsembleQBCFunction,TreeFarmsFunction,0,100,0.01,0.015,Classification,8CPS_DPL0.015,CPS/TreeFarms/Raw/8CPS_DPL0.015.pkl
CPS,8,0.2,0.8,TreeEnsembleQBCFunction,TreeFarmsFunction,1,100,0.01,0.015,Classification,8CPS_UNQ0.015,CPS/TreeFarms/Raw/8CPS_UNQ0.015.pkl
CPS,9,0.2,0.8,TreeEnsembleQBCFunction,TreeFarmsFunction,1,100,0.01,0.015,Classification,9CPS_UNQ0.015,CPS/TreeFarms/Raw/9CPS_UNQ0.015.pkl
CPS,9,0.2,0.8,TreeEnsembleQBCFunction,RandomForestClassificationFunction,0,100,0.0,0.0,Classification,9CPS_RF0.0,CPS/RandomForestClassification/Raw/9CPS_RF0.0.pkl
CPS,9,0.2,0.8,TreeEnsembleQBCFunction,TreeFarmsFunction,0,100,0.01,0.015,Classification,9CPS_DPL0.015,CPS/TreeFarms/Raw/9CPS_DPL0.015.pkl
CPS,10,0.2,0.8,TreeEnsembleQBCFunction,RandomForestClassificationFunction,0,100,0.0,0.0,Classification,10CPS_RF0.0,CPS/RandomForestClassification/Raw/10CPS_RF0.0.pkl
CPS,10,0.2,0.8,TreeEnsembleQBCFunction,TreeFarmsFunction,1,100,0.01,0.015,Classification,10CPS_UNQ0.015,CPS/TreeFarms/Raw/10CPS_UNQ0.015.pkl
CPS,10,0.2,0.8,TreeEnsembleQBCFunction,TreeFarmsFunction,0,100,0.01,0.015,Classification,10CPS_DPL0.015,CPS/TreeFarms/Raw/10CPS_DPL0.015.pkl
CPS,11,0.2,0.8,TreeEnsembleQBCFunction,RandomForestClassificationFunction,0,100,0.0,0.0,Classification,11CPS_RF0.0,CPS/RandomForestClassification/Raw/11CPS_RF0.0.pkl
CPS,11,0.2,0.8,TreeEnsembleQBCFunction,TreeFarmsFunction,1,100,0.01,0.015,Classification,11CPS_UNQ0.015,CPS/TreeFarms/Raw/11CPS_UNQ0.015.pkl
CPS,11,0.2,0.8,TreeEnsembleQBCFunction,TreeFarmsFunction,0,100,0.01,0.015,Classification,11CPS_DPL0.015,CPS/TreeFarms/Raw/11CPS_DPL0.015.pkl
CPS,12,0.2,0.8,TreeEnsembleQBCFunction,TreeFarmsFunction,1,100,0.01,0.015,Classification,12CPS_UNQ0.015,CPS/TreeFarms/Raw/12CPS_UNQ0.015.pkl
CPS,12,0.2,0.8,TreeEnsembleQBCFunction,TreeFarmsFunction,0,100,0.01,0.015,Classification,12CPS_DPL0.015,CPS/TreeFarms/Raw/12CPS_DPL0.015.pkl
CPS,12,0.2,0.8,TreeEnsembleQBCFunction,RandomForestClassificationFunction,0,100,0.0,0.0,Classification,12CPS_RF0.0,CPS/RandomForestClassification/Raw/12CPS_RF0.0.pkl
CPS,13,0.2,0.8,TreeEnsembleQBCFunction,TreeFarmsFunction,1,100,0.01,0.015,Classification,13CPS_UNQ0.015,CPS/TreeFarms/Raw/13CPS_UNQ0.015.pkl
CPS,13,0.2,0.8,TreeEnsembleQBCFunction,TreeFarmsFunction,0,100,0.01,0.015,Classification,13CPS_DPL0.015,CPS/TreeFarms/Raw/13CPS_DPL0.015.pkl
CPS,13,0.2,0.8,TreeEnsembleQBCFunction,RandomForestClassificationFunction,0,100,0.0,0.0,Classification,13CPS_RF0.0,CPS/RandomForestClassification/Raw/13CPS_RF0.0.pkl
CPS,14,0.2,0.8,TreeEnsembleQBCFunction,TreeFarmsFunction,1,100,0.01,0.015,Classification,14CPS_UNQ0.015,CPS/TreeFarms/Raw/14CPS_UNQ0.015.pkl
CPS,14,0.2,0.8,TreeEnsembleQBCFunction,TreeFarmsFunction,0,100,0.01,0.015,Classification,14CPS_DPL0.015,CPS/TreeFarms/Raw/14CPS_DPL0.015.pkl
CPS,14,0.2,0.8,TreeEnsembleQBCFunction,RandomForestClassificationFunction,0,100,0.0,0.0,Classification,14CPS_RF0.0,CPS/RandomForestClassification/Raw/14CPS_RF0.0.pkl
CPS,15,0.2,0.8,TreeEnsembleQBCFunction,TreeFarmsFunction,0,100,0.01,0.015,Classification,15CPS_DPL0.015,CPS/TreeFarms/Raw/15CPS_DPL0.015.pkl
CPS,15,0.2,0.8,TreeEnsembleQBCFunction,TreeFarmsFunction,1,100,0.01,0.015,Classification,15CPS_UNQ0.015,CPS/TreeFarms/Raw/15CPS_UNQ0.015.pkl
CPS,15,0.2,0.8,TreeEnsembleQBCFunction,RandomForestClassificationFunction,0,100,0.0,0.0,Classification,15CPS_RF0.0,CPS/RandomForestClassification/Raw/15CPS_RF0.0.pkl
CPS,16,0.2,0.8,TreeEnsembleQBCFunction,TreeFarmsFunction,0,100,0.01,0.015,Classification,16CPS_DPL0.015,CPS/TreeFarms/Raw/16CPS_DPL0.015.pkl
CPS,16,0.2,0.8,TreeEnsembleQBCFunction,TreeFarmsFunction,1,100,0.01,0.015,Classification,16CPS_UNQ0.015,CPS/TreeFarms/Raw/16CPS_UNQ0.015.pkl
CPS,16,0.2,0.8,TreeEnsembleQBCFunction,RandomForestClassificationFunction,0,100,0.0,0.0,Classification,16CPS_RF0.0,CPS/RandomForestClassification/Raw/16CPS_RF0.0.pkl
CPS,17,0.2,0.8,TreeEnsembleQBCFunction,RandomForestClassificationFunction,0,100,0.0,0.0,Classification,17CPS_RF0.0,CPS/RandomForestClassification/Raw/17CPS_RF0.0.pkl
CPS,17,0.2,0.8,TreeEnsembleQBCFunction,TreeFarmsFunction,0,100,0.01,0.015,Classification,17CPS_DPL0.015,CPS/TreeFarms/Raw/17CPS_DPL0.015.pkl
CPS,17,0.2,0.8,TreeEnsembleQBCFunction,TreeFarmsFunction,1,100,0.01,0.015,Classification,17CPS_UNQ0.015,CPS/TreeFarms/Raw/17CPS_UNQ0.015.pkl
CPS,18,0.2,0.8,TreeEnsembleQBCFunction,RandomForestClassificationFunction,0,100,0.0,0.0,Classification,18CPS_RF0.0,CPS/RandomForestClassification/Raw/18CPS_RF0.0.pkl
CPS,18,0.2,0.8,TreeEnsembleQBCFunction,TreeFarmsFunction,0,100,0.01,0.015,Classification,18CPS_DPL0.015,CPS/TreeFarms/Raw/18CPS_DPL0.015.pkl
CPS,18,0.2,0.8,TreeEnsembleQBCFunction,TreeFarmsFunction,1,100,0.01,0.015,Classification,18CPS_UNQ0.015,CPS/TreeFarms/Raw/18CPS_UNQ0.015.pkl
CPS,19,0.2,0.8,TreeEnsembleQBCFunction,TreeFarmsFunction,0,100,0.01,0.015,Classification,19CPS_DPL0.015,CPS/TreeFarms/Raw/19CPS_DPL0.015.pkl
CPS,19,0.2,0.8,TreeEnsembleQBCFunction,TreeFarmsFunction,1,100,0.01,0.015,Classification,19CPS_UNQ0.015,CPS/TreeFarms/Raw/19CPS_UNQ0.015.pkl
CPS,19,0.2,0.8,TreeEnsembleQBCFunction,RandomForestClassificationFunction,0,100,0.0,0.0,Classification,19CPS_RF0.0,CPS/RandomForestClassification/Raw/19CPS_RF0.0.pkl
CPS,20,0.2,0.8,TreeEnsembleQBCFunction,TreeFarmsFunction,1,100,0.01,0.015,Classification,20CPS_UNQ0.015,CPS/TreeFarms/Raw/20CPS_UNQ0.015.pkl
CPS,20,0.2,0.8,TreeEnsembleQBCFunction,RandomForestClassificationFunction,0,100,0.0,0.0,Classification,20CPS_RF0.0,CPS/RandomForestClassification/Raw/20CPS_RF0.0.pkl
CPS,20,0.2,0.8,TreeEnsembleQBCFunction,TreeFarmsFunction,0,100,0.01,0.015,Classification,20CPS_DPL0.015,CPS/TreeFarms/Raw/20CPS_DPL0.015.pkl
CPS,21,0.2,0.8,TreeEnsembleQBCFunction,TreeFarmsFunction,0,100,0.01,0.015,Classification,21CPS_DPL0.015,CPS/TreeFarms/Raw/21CPS_DPL0.015.pkl
CPS,21,0.2,0.8,TreeEnsembleQBCFunction,TreeFarmsFunction,1,100,0.01,0.015,Classification,21CPS_UNQ0.015,CPS/TreeFarms/Raw/21CPS_UNQ0.015.pkl
CPS,21,0.2,0.8,TreeEnsembleQBCFunction,RandomForestClassificationFunction,0,100,0.0,0.0,Classification,21CPS_RF0.0,CPS/RandomForestClassification/Raw/21CPS_RF0.0.pkl
CPS,22,0.2,0.8,TreeEnsembleQBCFunction,RandomForestClassificationFunction,0,100,0.0,0.0,Classification,22CPS_RF0.0,CPS/RandomForestClassification/Raw/22CPS_RF0.0.pkl
CPS,22,0.2,0.8,TreeEnsembleQBCFunction,TreeFarmsFunction,0,100,0.01,0.015,Classification,22CPS_DPL0.015,CPS/TreeFarms/Raw/22CPS_DPL0.015.pkl
CPS,22,0.2,0.8,TreeEnsembleQBCFunction,TreeFarmsFunction,1,100,0.01,0.015,Classification,22CPS_UNQ0.015,CPS/TreeFarms/Raw/22CPS_UNQ0.015.pkl
CPS,23,0.2,0.8,TreeEnsembleQBCFunction,TreeFarmsFunction,0,100,0.01,0.015,Classification,23CPS_DPL0.015,CPS/TreeFarms/Raw/23CPS_DPL0.015.pkl
CPS,23,0.2,0.8,TreeEnsembleQBCFunction,TreeFarmsFunction,1,100,0.01,0.015,Classification,23CPS_UNQ0.015,CPS/TreeFarms/Raw/23CPS_UNQ0.015.pkl
CPS,23,0.2,0.8,TreeEnsembleQBCFunction,RandomForestClassificationFunction,0,100,0.0,0.0,Classification,23CPS_RF0.0,CPS/RandomForestClassification/Raw/23CPS_RF0.0.pkl
CPS,24,0.2,0.8,TreeEnsembleQBCFunction,TreeFarmsFunction,0,100,0.01,0.015,Classification,24CPS_DPL0.015,CPS/TreeFarms/Raw/24CPS_DPL0.015.pkl
CPS,24,0.2,0.8,TreeEnsembleQBCFunction,RandomForestClassificationFunction,0,100,0.0,0.0,Classification,24CPS_RF0.0,CPS/RandomForestClassification/Raw/24CPS_RF0.0.pkl
CPS,24,0.2,0.8,TreeEnsembleQBCFunction,TreeFarmsFunction,1,100,0.01,0.015,Classification,24CPS_UNQ0.015,CPS/TreeFarms/Raw/24CPS_UNQ0.015.pkl
CPS,25,0.2,0.8,TreeEnsembleQBCFunction,RandomForestClassificationFunction,0,100,0.0,0.0,Classification,25CPS_RF0.0,CPS/RandomForestClassification/Raw/25CPS_RF0.0.pkl
CPS,25,0.2,0.8,TreeEnsembleQBCFunction,TreeFarmsFunction,0,100,0.01,0.015,Classification,25CPS_DPL0.015,CPS/TreeFarms/Raw/25CPS_DPL0.015.pkl
CPS,25,0.2,0.8,TreeEnsembleQBCFunction,TreeFarmsFunction,1,100,0.01,0.015,Classification,25CPS_UNQ0.015,CPS/TreeFarms/Raw/25CPS_UNQ0.015.pkl
CPS,26,0.2,0.8,TreeEnsembleQBCFunction,RandomForestClassificationFunction,0,100,0.0,0.0,Classification,26CPS_RF0.0,CPS/RandomForestClassification/Raw/26CPS_RF0.0.pkl
CPS,26,0.2,0.8,TreeEnsembleQBCFunction,TreeFarmsFunction,0,100,0.01,0.015,Classification,26CPS_DPL0.015,CPS/TreeFarms/Raw/26CPS_DPL0.015.pkl
CPS,26,0.2,0.8,TreeEnsembleQBCFunction,TreeFarmsFunction,1,100,0.01,0.015,Classification,26CPS_UNQ0.015,CPS/TreeFarms/Raw/26CPS_UNQ0.015.pkl
CPS,27,0.2,0.8,TreeEnsembleQBCFunction,RandomForestClassificationFunction,0,100,0.0,0.0,Classification,27CPS_RF0.0,CPS/RandomForestClassification/Raw/27CPS_RF0.0.pkl
CPS,27,0.2,0.8,TreeEnsembleQBCFunction,TreeFarmsFunction,0,100,0.01,0.015,Classification,27CPS_DPL0.015,CPS/TreeFarms/Raw/27CPS_DPL0.015.pkl
CPS,27,0.2,0.8,TreeEnsembleQBCFunction,TreeFarmsFunction,1,100,0.01,0.015,Classification,27CPS_UNQ0.015,CPS/TreeFarms/Raw/27CPS_UNQ0.015.pkl
CPS,28,0.2,0.8,TreeEnsembleQBCFunction,TreeFarmsFunction,0,100,0.01,0.015,Classification,28CPS_DPL0.015,CPS/TreeFarms/Raw/28CPS_DPL0.015.pkl
CPS,28,0.2,0.8,TreeEnsembleQBCFunction,RandomForestClassificationFunction,0,100,0.0,0.0,Classification,28CPS_RF0.0,CPS/RandomForestClassification/Raw/28CPS_RF0.0.pkl
CPS,28,0.2,0.8,TreeEnsembleQBCFunction,TreeFarmsFunction,1,100,0.01,0.015,Classification,28CPS_UNQ0.015,CPS/TreeFarms/Raw/28CPS_UNQ0.015.pkl
CPS,29,0.2,0.8,TreeEnsembleQBCFunction,TreeFarmsFunction,1,100,0.01,0.015,Classification,29CPS_UNQ0.015,CPS/TreeFarms/Raw/29CPS_UNQ0.015.pkl
CPS,29,0.2,0.8,TreeEnsembleQBCFunction,RandomForestClassificationFunction,0,100,0.0,0.0,Classification,29CPS_RF0.0,CPS/RandomForestClassification/Raw/29CPS_RF0.0.pkl
CPS,29,0.2,0.8,TreeEnsembleQBCFunction,TreeFarmsFunction,0,100,0.01,0.015,Classification,29CPS_DPL0.015,CPS/TreeFarms/Raw/29CPS_DPL0.015.pkl
CPS,30,0.2,0.8,TreeEnsembleQBCFunction,TreeFarmsFunction,0,100,0.01,0.015,Classification,30CPS_DPL0.015,CPS/TreeFarms/Raw/30CPS_DPL0.015.pkl
CPS,30,0.2,0.8,TreeEnsembleQBCFunction,RandomForestClassificationFunction,0,100,0.0,0.0,Classification,30CPS_RF0.0,CPS/RandomForestClassification/Raw/30CPS_RF0.0.pkl
CPS,30,0.2,0.8,TreeEnsembleQBCFunction,TreeFarmsFunction,1,100,0.01,0.015,Classification,30CPS_UNQ0.015,CPS/TreeFarms/Raw/30CPS_UNQ0.015.pkl
CPS,31,0.2,0.8,TreeEnsembleQBCFunction,TreeFarmsFunction,0,100,0.01,0.015,Classification,31CPS_DPL0.015,CPS/TreeFarms/Raw/31CPS_DPL0.015.pkl
CPS,31,0.2,0.8,TreeEnsembleQBCFunction,TreeFarmsFunction,1,100,0.01,0.015,Classification,31CPS_UNQ0.015,CPS/TreeFarms/Raw/31CPS_UNQ0.015.pkl
CPS,31,0.2,0.8,TreeEnsembleQBCFunction,RandomForestClassificationFunction,0,100,0.0,0.0,Classification,31CPS_RF0.0,CPS/RandomForestClassification/Raw/31CPS_RF0.0.pkl
CPS,32,0.2,0.8,TreeEnsembleQBCFunction,TreeFarmsFunction,1,100,0.01,0.015,Classification,32CPS_UNQ0.015,CPS/TreeFarms/Raw/32CPS_UNQ0.015.pkl
CPS,32,0.2,0.8,TreeEnsembleQBCFunction,TreeFarmsFunction,0,100,0.01,0.015,Classification,32CPS_DPL0.015,CPS/TreeFarms/Raw/32CPS_DPL0.015.pkl
CPS,32,0.2,0.8,TreeEnsembleQBCFunction,RandomForestClassificationFunction,0,100,0.0,0.0,Classification,32CPS_RF0.0,CPS/RandomForestClassification/Raw/32CPS_RF0.0.pkl
CPS,33,0.2,0.8,TreeEnsembleQBCFunction,RandomForestClassificationFunction,0,100,0.0,0.0,Classification,33CPS_RF0.0,CPS/RandomForestClassification/Raw/33CPS_RF0.0.pkl
CPS,33,0.2,0.8,TreeEnsembleQBCFunction,TreeFarmsFunction,0,100,0.01,0.015,Classification,33CPS_DPL0.015,CPS/TreeFarms/Raw/33CPS_DPL0.015.pkl
CPS,33,0.2,0.8,TreeEnsembleQBCFunction,TreeFarmsFunction,1,100,0.01,0.015,Classification,33CPS_UNQ0.015,CPS/TreeFarms/Raw/33CPS_UNQ0.015.pkl
CPS,34,0.2,0.8,TreeEnsembleQBCFunction,TreeFarmsFunction,0,100,0.01,0.015,Classification,34CPS_DPL0.015,CPS/TreeFarms/Raw/34CPS_DPL0.015.pkl
CPS,34,0.2,0.8,TreeEnsembleQBCFunction,RandomForestClassificationFunction,0,100,0.0,0.0,Classification,34CPS_RF0.0,CPS/RandomForestClassification/Raw/34CPS_RF0.0.pkl
CPS,34,0.2,0.8,TreeEnsembleQBCFunction,TreeFarmsFunction,1,100,0.01,0.015,Classification,34CPS_UNQ0.015,CPS/TreeFarms/Raw/34CPS_UNQ0.015.pkl
CPS,35,0.2,0.8,TreeEnsembleQBCFunction,TreeFarmsFunction,1,100,0.01,0.015,Classification,35CPS_UNQ0.015,CPS/TreeFarms/Raw/35CPS_UNQ0.015.pkl
CPS,35,0.2,0.8,TreeEnsembleQBCFunction,RandomForestClassificationFunction,0,100,0.0,0.0,Classification,35CPS_RF0.0,CPS/RandomForestClassification/Raw/35CPS_RF0.0.pkl
CPS,35,0.2,0.8,TreeEnsembleQBCFunction,TreeFarmsFunction,0,100,0.01,0.015,Classification,35CPS_DPL0.015,CPS/TreeFarms/Raw/35CPS_DPL0.015.pkl
CPS,36,0.2,0.8,TreeEnsembleQBCFunction,RandomForestClassificationFunction,0,100,0.0,0.0,Classification,36CPS_RF0.0,CPS/RandomForestClassification/Raw/36CPS_RF0.0.pkl
CPS,36,0.2,0.8,TreeEnsembleQBCFunction,TreeFarmsFunction,0,100,0.01,0.015,Classification,36CPS_DPL0.015,CPS/TreeFarms/Raw/36CPS_DPL0.015.pkl
CPS,36,0.2,0.8,TreeEnsembleQBCFunction,TreeFarmsFunction,1,100,0.01,0.015,Classification,36CPS_UNQ0.015,CPS/TreeFarms/Raw/36CPS_UNQ0.015.pkl
CPS,37,0.2,0.8,TreeEnsembleQBCFunction,RandomForestClassificationFunction,0,100,0.0,0.0,Classification,37CPS_RF0.0,CPS/RandomForestClassification/Raw/37CPS_RF0.0.pkl
CPS,37,0.2,0.8,TreeEnsembleQBCFunction,TreeFarmsFunction,1,100,0.01,0.015,Classification,37CPS_UNQ0.015,CPS/TreeFarms/Raw/37CPS_UNQ0.015.pkl
CPS,37,0.2,0.8,TreeEnsembleQBCFunction,TreeFarmsFunction,0,100,0.01,0.015,Classification,37CPS_DPL0.015,CPS/TreeFarms/Raw/37CPS_DPL0.015.pkl
CPS,38,0.2,0.8,TreeEnsembleQBCFunction,TreeFarmsFunction,1,100,0.01,0.015,Classification,38CPS_UNQ0.015,CPS/TreeFarms/Raw/38CPS_UNQ0.015.pkl
CPS,38,0.2,0.8,TreeEnsembleQBCFunction,TreeFarmsFunction,0,100,0.01,0.015,Classification,38CPS_DPL0.015,CPS/TreeFarms/Raw/38CPS_DPL0.015.pkl
CPS,38,0.2,0.8,TreeEnsembleQBCFunction,RandomForestClassificationFunction,0,100,0.0,0.0,Classification,38CPS_RF0.0,CPS/RandomForestClassification/Raw/38CPS_RF0.0.pkl
CPS,39,0.2,0.8,TreeEnsembleQBCFunction,TreeFarmsFunction,1,100,0.01,0.015,Classification,39CPS_UNQ0.015,CPS/TreeFarms/Raw/39CPS_UNQ0.015.pkl
CPS,39,0.2,0.8,TreeEnsembleQBCFunction,TreeFarmsFunction,0,100,0.01,0.015,Classification,39CPS_DPL0.015,CPS/TreeFarms/Raw/39CPS_DPL0.015.pkl
CPS,39,0.2,0.8,TreeEnsembleQBCFunction,RandomForestClassificationFunction,0,100,0.0,0.0,Classification,39CPS_RF0.0,CPS/RandomForestClassification/Raw/39CPS_RF0.0.pkl
CPS,40,0.2,0.8,TreeEnsembleQBCFunction,RandomForestClassificationFunction,0,100,0.0,0.0,Classification,40CPS_RF0.0,CPS/RandomForestClassification/Raw/40CPS_RF0.0.pkl
CPS,40,0.2,0.8,TreeEnsembleQBCFunction,TreeFarmsFunction,0,100,0.01,0.015,Classification,40CPS_DPL0.015,CPS/TreeFarms/Raw/40CPS_DPL0.015.pkl
CPS,40,0.2,0.8,TreeEnsembleQBCFunction,TreeFarmsFunction,1,100,0.01,0.015,Classification,40CPS_UNQ0.015,CPS/TreeFarms/Raw/40CPS_UNQ0.015.pkl
CPS,41,0.2,0.8,TreeEnsembleQBCFunction,RandomForestClassificationFunction,0,100,0.0,0.0,Classification,41CPS_RF0.0,CPS/RandomForestClassification/Raw/41CPS_RF0.0.pkl
CPS,41,0.2,0.8,TreeEnsembleQBCFunction,TreeFarmsFunction,0,100,0.01,0.015,Classification,41CPS_DPL0.015,CPS/TreeFarms/Raw/41CPS_DPL0.015.pkl
CPS,41,0.2,0.8,TreeEnsembleQBCFunction,TreeFarmsFunction,1,100,0.01,0.015,Classification,41CPS_UNQ0.015,CPS/TreeFarms/Raw/41CPS_UNQ0.015.pkl
CPS,42,0.2,0.8,TreeEnsembleQBCFunction,RandomForestClassificationFunction,0,100,0.0,0.0,Classification,42CPS_RF0.0,CPS/RandomForestClassification/Raw/42CPS_RF0.0.pkl
CPS,42,0.2,0.8,TreeEnsembleQBCFunction,TreeFarmsFunction,0,100,0.01,0.015,Classification,42CPS_DPL0.015,CPS/TreeFarms/Raw/42CPS_DPL0.015.pkl
CPS,42,0.2,0.8,TreeEnsembleQBCFunction,TreeFarmsFunction,1,100,0.01,0.015,Classification,42CPS_UNQ0.015,CPS/TreeFarms/Raw/42CPS_UNQ0.015.pkl
CPS,43,0.2,0.8,TreeEnsembleQBCFunction,TreeFarmsFunction,0,100,0.01,0.015,Classification,43CPS_DPL0.015,CPS/TreeFarms/Raw/43CPS_DPL0.015.pkl
CPS,43,0.2,0.8,TreeEnsembleQBCFunction,RandomForestClassificationFunction,0,100,0.0,0.0,Classification,43CPS_RF0.0,CPS/RandomForestClassification/Raw/43CPS_RF0.0.pkl
CPS,43,0.2,0.8,TreeEnsembleQBCFunction,TreeFarmsFunction,1,100,0.01,0.015,Classification,43CPS_UNQ0.015,CPS/TreeFarms/Raw/43CPS_UNQ0.015.pkl
CPS,44,0.2,0.8,TreeEnsembleQBCFunction,TreeFarmsFunction,1,100,0.01,0.015,Classification,44CPS_UNQ0.015,CPS/TreeFarms/Raw/44CPS_UNQ0.015.pkl
CPS,44,0.2,0.8,TreeEnsembleQBCFunction,RandomForestClassificationFunction,0,100,0.0,0.0,Classification,44CPS_RF0.0,CPS/RandomForestClassification/Raw/44CPS_RF0.0.pkl
CPS,44,0.2,0.8,TreeEnsembleQBCFunction,TreeFarmsFunction,0,100,0.01,0.015,Classification,44CPS_DPL0.015,CPS/TreeFarms/Raw/44CPS_DPL0.015.pkl
CPS,45,0.2,0.8,TreeEnsembleQBCFunction,TreeFarmsFunction,0,100,0.01,0.015,Classification,45CPS_DPL0.015,CPS/TreeFarms/Raw/45CPS_DPL0.015.pkl
CPS,45,0.2,0.8,TreeEnsembleQBCFunction,TreeFarmsFunction,1,100,0.01,0.015,Classification,45CPS_UNQ0.015,CPS/TreeFarms/Raw/45CPS_UNQ0.015.pkl
CPS,45,0.2,0.8,TreeEnsembleQBCFunction,RandomForestClassificationFunction,0,100,0.0,0.0,Classification,45CPS_RF0.0,CPS/RandomForestClassification/Raw/45CPS_RF0.0.pkl
CPS,46,0.2,0.8,TreeEnsembleQBCFunction,TreeFarmsFunction,0,100,0.01,0.015,Classification,46CPS_DPL0.015,CPS/TreeFarms/Raw/46CPS_DPL0.015.pkl
CPS,46,0.2,0.8,TreeEnsembleQBCFunction,TreeFarmsFunction,1,100,0.01,0.015,Classification,46CPS_UNQ0.015,CPS/TreeFarms/Raw/46CPS_UNQ0.015.pkl
CPS,46,0.2,0.8,TreeEnsembleQBCFunction,RandomForestClassificationFunction,0,100,0.0,0.0,Classification,46CPS_RF0.0,CPS/RandomForestClassification/Raw/46CPS_RF0.0.pkl
CPS,47,0.2,0.8,TreeEnsembleQBCFunction,TreeFarmsFunction,0,100,0.01,0.015,Classification,47CPS_DPL0.015,CPS/TreeFarms/Raw/47CPS_DPL0.015.pkl
CPS,47,0.2,0.8,TreeEnsembleQBCFunction,TreeFarmsFunction,1,100,0.01,0.015,Classification,47CPS_UNQ0.015,CPS/TreeFarms/Raw/47CPS_UNQ0.015.pkl
CPS,47,0.2,0.8,TreeEnsembleQBCFunction,RandomForestClassificationFunction,0,100,0.0,0.0,Classification,47CPS_RF0.0,CPS/RandomForestClassification/Raw/47CPS_RF0.0.pkl
CPS,48,0.2,0.8,TreeEnsembleQBCFunction,RandomForestClassificationFunction,0,100,0.0,0.0,Classification,48CPS_RF0.0,CPS/RandomForestClassification/Raw/48CPS_RF0.0.pkl
CPS,48,0.2,0.8,TreeEnsembleQBCFunction,TreeFarmsFunction,0,100,0.01,0.015,Classification,48CPS_DPL0.015,CPS/TreeFarms/Raw/48CPS_DPL0.015.pkl
CPS,48,0.2,0.8,TreeEnsembleQBCFunction,TreeFarmsFunction,1,100,0.01,0.015,Classification,48CPS_UNQ0.015,CPS/TreeFarms/Raw/48CPS_UNQ0.015.pkl
CPS,49,0.2,0.8,TreeEnsembleQBCFunction,TreeFarmsFunction,1,100,0.01,0.015,Classification,49CPS_UNQ0.015,CPS/TreeFarms/Raw/49CPS_UNQ0.015.pkl
CPS,49,0.2,0.8,TreeEnsembleQBCFunction,RandomForestClassificationFunction,0,100,0.0,0.0,Classification,49CPS_RF0.0,CPS/RandomForestClassification/Raw/49CPS_RF0.0.pkl
CPS,49,0.2,0.8,TreeEnsembleQBCFunction,TreeFarmsFunction,0,100,0.01,0.015,Classification,49CPS_DPL0.015,CPS/TreeFarms/Raw/49CPS_DPL0.015.pkl
CPS,50,0.2,0.8,TreeEnsembleQBCFunction,TreeFarmsFunction,1,100,0.01,0.015,Classification,50CPS_UNQ0.015,CPS/TreeFarms/Raw/50CPS_UNQ0.015.pkl
CPS,50,0.2,0.8,TreeEnsembleQBCFunction,RandomForestClassificationFunction,0,100,0.0,0.0,Classification,50CPS_RF0.0,CPS/RandomForestClassification/Raw/50CPS_RF0.0.pkl
CPS,50,0.2,0.8,TreeEnsembleQBCFunction,TreeFarmsFunction,0,100,0.01,0.015,Classification,50CPS_DPL0.015,CPS/TreeFarms/Raw/50CPS_DPL0.015.pkl
CPS,51,0.2,0.8,TreeEnsembleQBCFunction,RandomForestClassificationFunction,0,100,0.0,0.0,Classification,51CPS_RF0.0,CPS/RandomForestClassification/Raw/51CPS_RF0.0.pkl
CPS,51,0.2,0.8,TreeEnsembleQBCFunction,TreeFarmsFunction,0,100,0.01,0.015,Classification,51CPS_DPL0.015,CPS/TreeFarms/Raw/51CPS_DPL0.015.pkl
CPS,51,0.2,0.8,TreeEnsembleQBCFunction,TreeFarmsFunction,1,100,0.01,0.015,Classification,51CPS_UNQ0.015,CPS/TreeFarms/Raw/51CPS_UNQ0.015.pkl
CPS,52,0.2,0.8,TreeEnsembleQBCFunction,TreeFarmsFunction,1,100,0.01,0.015,Classification,52CPS_UNQ0.015,CPS/TreeFarms/Raw/52CPS_UNQ0.015.pkl
CPS,52,0.2,0.8,TreeEnsembleQBCFunction,TreeFarmsFunction,0,100,0.01,0.015,Classification,52CPS_DPL0.015,CPS/TreeFarms/Raw/52CPS_DPL0.015.pkl
CPS,52,0.2,0.8,TreeEnsembleQBCFunction,RandomForestClassificationFunction,0,100,0.0,0.0,Classification,52CPS_RF0.0,CPS/RandomForestClassification/Raw/52CPS_RF0.0.pkl
CPS,53,0.2,0.8,TreeEnsembleQBCFunction,TreeFarmsFunction,1,100,0.01,0.015,Classification,53CPS_UNQ0.015,CPS/TreeFarms/Raw/53CPS_UNQ0.015.pkl
CPS,53,0.2,0.8,TreeEnsembleQBCFunction,TreeFarmsFunction,0,100,0.01,0.015,Classification,53CPS_DPL0.015,CPS/TreeFarms/Raw/53CPS_DPL0.015.pkl
CPS,53,0.2,0.8,TreeEnsembleQBCFunction,RandomForestClassificationFunction,0,100,0.0,0.0,Classification,53CPS_RF0.0,CPS/RandomForestClassification/Raw/53CPS_RF0.0.pkl
CPS,54,0.2,0.8,TreeEnsembleQBCFunction,TreeFarmsFunction,1,100,0.01,0.015,Classification,54CPS_UNQ0.015,CPS/TreeFarms/Raw/54CPS_UNQ0.015.pkl
CPS,54,0.2,0.8,TreeEnsembleQBCFunction,TreeFarmsFunction,0,100,0.01,0.015,Classification,54CPS_DPL0.015,CPS/TreeFarms/Raw/54CPS_DPL0.015.pkl
CPS,54,0.2,0.8,TreeEnsembleQBCFunction,RandomForestClassificationFunction,0,100,0.0,0.0,Classification,54CPS_RF0.0,CPS/RandomForestClassification/Raw/54CPS_RF0.0.pkl
CPS,55,0.2,0.8,TreeEnsembleQBCFunction,RandomForestClassificationFunction,0,100,0.0,0.0,Classification,55CPS_RF0.0,CPS/RandomForestClassification/Raw/55CPS_RF0.0.pkl
CPS,55,0.2,0.8,TreeEnsembleQBCFunction,TreeFarmsFunction,1,100,0.01,0.015,Classification,55CPS_UNQ0.015,CPS/TreeFarms/Raw/55CPS_UNQ0.015.pkl
CPS,55,0.2,0.8,TreeEnsembleQBCFunction,TreeFarmsFunction,0,100,0.01,0.015,Classification,55CPS_DPL0.015,CPS/TreeFarms/Raw/55CPS_DPL0.015.pkl
CPS,56,0.2,0.8,TreeEnsembleQBCFunction,RandomForestClassificationFunction,0,100,0.0,0.0,Classification,56CPS_RF0.0,CPS/RandomForestClassification/Raw/56CPS_RF0.0.pkl
CPS,56,0.2,0.8,TreeEnsembleQBCFunction,TreeFarmsFunction,1,100,0.01,0.015,Classification,56CPS_UNQ0.015,CPS/TreeFarms/Raw/56CPS_UNQ0.015.pkl
CPS,56,0.2,0.8,TreeEnsembleQBCFunction,TreeFarmsFunction,0,100,0.01,0.015,Classification,56CPS_DPL0.015,CPS/TreeFarms/Raw/56CPS_DPL0.015.pkl
CPS,57,0.2,0.8,TreeEnsembleQBCFunction,RandomForestClassificationFunction,0,100,0.0,0.0,Classification,57CPS_RF0.0,CPS/RandomForestClassification/Raw/57CPS_RF0.0.pkl
CPS,57,0.2,0.8,TreeEnsembleQBCFunction,TreeFarmsFunction,1,100,0.01,0.015,Classification,57CPS_UNQ0.015,CPS/TreeFarms/Raw/57CPS_UNQ0.015.pkl
CPS,57,0.2,0.8,TreeEnsembleQBCFunction,TreeFarmsFunction,0,100,0.01,0.015,Classification,57CPS_DPL0.015,CPS/TreeFarms/Raw/57CPS_DPL0.015.pkl
CPS,58,0.2,0.8,TreeEnsembleQBCFunction,RandomForestClassificationFunction,0,100,0.0,0.0,Classification,58CPS_RF0.0,CPS/RandomForestClassification/Raw/58CPS_RF0.0.pkl
CPS,58,0.2,0.8,TreeEnsembleQBCFunction,TreeFarmsFunction,1,100,0.01,0.015,Classification,58CPS_UNQ0.015,CPS/TreeFarms/Raw/58CPS_UNQ0.015.pkl
CPS,58,0.2,0.8,TreeEnsembleQBCFunction,TreeFarmsFunction,0,100,0.01,0.015,Classification,58CPS_DPL0.015,CPS/TreeFarms/Raw/58CPS_DPL0.015.pkl
CPS,59,0.2,0.8,TreeEnsembleQBCFunction,TreeFarmsFunction,1,100,0.01,0.015,Classification,59CPS_UNQ0.015,CPS/TreeFarms/Raw/59CPS_UNQ0.015.pkl
CPS,59,0.2,0.8,TreeEnsembleQBCFunction,TreeFarmsFunction,0,100,0.01,0.015,Classification,59CPS_DPL0.015,CPS/TreeFarms/Raw/59CPS_DPL0.015.pkl
CPS,59,0.2,0.8,TreeEnsembleQBCFunction,RandomForestClassificationFunction,0,100,0.0,0.0,Classification,59CPS_RF0.0,CPS/RandomForestClassification/Raw/59CPS_RF0.0.pkl
CPS,60,0.2,0.8,TreeEnsembleQBCFunction,RandomForestClassificationFunction,0,100,0.0,0.0,Classification,60CPS_RF0.0,CPS/RandomForestClassification/Raw/60CPS_RF0.0.pkl
CPS,60,0.2,0.8,TreeEnsembleQBCFunction,TreeFarmsFunction,0,100,0.01,0.015,Classification,60CPS_DPL0.015,CPS/TreeFarms/Raw/60CPS_DPL0.015.pkl
CPS,60,0.2,0.8,TreeEnsembleQBCFunction,TreeFarmsFunction,1,100,0.01,0.015,Classification,60CPS_UNQ0.015,CPS/TreeFarms/Raw/60CPS_UNQ0.015.pkl
CPS,61,0.2,0.8,TreeEnsembleQBCFunction,RandomForestClassificationFunction,0,100,0.0,0.0,Classification,61CPS_RF0.0,CPS/RandomForestClassification/Raw/61CPS_RF0.0.pkl
CPS,61,0.2,0.8,TreeEnsembleQBCFunction,TreeFarmsFunction,0,100,0.01,0.015,Classification,61CPS_DPL0.015,CPS/TreeFarms/Raw/61CPS_DPL0.015.pkl
CPS,61,0.2,0.8,TreeEnsembleQBCFunction,TreeFarmsFunction,1,100,0.01,0.015,Classification,61CPS_UNQ0.015,CPS/TreeFarms/Raw/61CPS_UNQ0.015.pkl
CPS,62,0.2,0.8,TreeEnsembleQBCFunction,TreeFarmsFunction,0,100,0.01,0.015,Classification,62CPS_DPL0.015,CPS/TreeFarms/Raw/62CPS_DPL0.015.pkl
CPS,62,0.2,0.8,TreeEnsembleQBCFunction,RandomForestClassificationFunction,0,100,0.0,0.0,Classification,62CPS_RF0.0,CPS/RandomForestClassification/Raw/62CPS_RF0.0.pkl
CPS,62,0.2,0.8,TreeEnsembleQBCFunction,TreeFarmsFunction,1,100,0.01,0.015,Classification,62CPS_UNQ0.015,CPS/TreeFarms/Raw/62CPS_UNQ0.015.pkl
CPS,63,0.2,0.8,TreeEnsembleQBCFunction,TreeFarmsFunction,1,100,0.01,0.015,Classification,63CPS_UNQ0.015,CPS/TreeFarms/Raw/63CPS_UNQ0.015.pkl
CPS,63,0.2,0.8,TreeEnsembleQBCFunction,RandomForestClassificationFunction,0,100,0.0,0.0,Classification,63CPS_RF0.0,CPS/RandomForestClassification/Raw/63CPS_RF0.0.pkl
CPS,63,0.2,0.8,TreeEnsembleQBCFunction,TreeFarmsFunction,0,100,0.01,0.015,Classification,63CPS_DPL0.015,CPS/TreeFarms/Raw/63CPS_DPL0.015.pkl
CPS,64,0.2,0.8,TreeEnsembleQBCFunction,TreeFarmsFunction,0,100,0.01,0.015,Classification,64CPS_DPL0.015,CPS/TreeFarms/Raw/64CPS_DPL0.015.pkl
CPS,64,0.2,0.8,TreeEnsembleQBCFunction,TreeFarmsFunction,1,100,0.01,0.015,Classification,64CPS_UNQ0.015,CPS/TreeFarms/Raw/64CPS_UNQ0.015.pkl
CPS,64,0.2,0.8,TreeEnsembleQBCFunction,RandomForestClassificationFunction,0,100,0.0,0.0,Classification,64CPS_RF0.0,CPS/RandomForestClassification/Raw/64CPS_RF0.0.pkl
CPS,65,0.2,0.8,TreeEnsembleQBCFunction,RandomForestClassificationFunction,0,100,0.0,0.0,Classification,65CPS_RF0.0,CPS/RandomForestClassification/Raw/65CPS_RF0.0.pkl
CPS,65,0.2,0.8,TreeEnsembleQBCFunction,TreeFarmsFunction,1,100,0.01,0.015,Classification,65CPS_UNQ0.015,CPS/TreeFarms/Raw/65CPS_UNQ0.015.pkl
CPS,65,0.2,0.8,TreeEnsembleQBCFunction,TreeFarmsFunction,0,100,0.01,0.015,Classification,65CPS_DPL0.015,CPS/TreeFarms/Raw/65CPS_DPL0.015.pkl
CPS,66,0.2,0.8,TreeEnsembleQBCFunction,TreeFarmsFunction,1,100,0.01,0.015,Classification,66CPS_UNQ0.015,CPS/TreeFarms/Raw/66CPS_UNQ0.015.pkl
CPS,66,0.2,0.8,TreeEnsembleQBCFunction,TreeFarmsFunction,0,100,0.01,0.015,Classification,66CPS_DPL0.015,CPS/TreeFarms/Raw/66CPS_DPL0.015.pkl
CPS,66,0.2,0.8,TreeEnsembleQBCFunction,RandomForestClassificationFunction,0,100,0.0,0.0,Classification,66CPS_RF0.0,CPS/RandomForestClassification/Raw/66CPS_RF0.0.pkl
CPS,67,0.2,0.8,TreeEnsembleQBCFunction,TreeFarmsFunction,1,100,0.01,0.015,Classification,67CPS_UNQ0.015,CPS/TreeFarms/Raw/67CPS_UNQ0.015.pkl
CPS,67,0.2,0.8,TreeEnsembleQBCFunction,TreeFarmsFunction,0,100,0.01,0.015,Classification,67CPS_DPL0.015,CPS/TreeFarms/Raw/67CPS_DPL0.015.pkl
CPS,67,0.2,0.8,TreeEnsembleQBCFunction,RandomForestClassificationFunction,0,100,0.0,0.0,Classification,67CPS_RF0.0,CPS/RandomForestClassification/Raw/67CPS_RF0.0.pkl
CPS,68,0.2,0.8,TreeEnsembleQBCFunction,TreeFarmsFunction,1,100,0.01,0.015,Classification,68CPS_UNQ0.015,CPS/TreeFarms/Raw/68CPS_UNQ0.015.pkl
CPS,68,0.2,0.8,TreeEnsembleQBCFunction,RandomForestClassificationFunction,0,100,0.0,0.0,Classification,68CPS_RF0.0,CPS/RandomForestClassification/Raw/68CPS_RF0.0.pkl
CPS,68,0.2,0.8,TreeEnsembleQBCFunction,TreeFarmsFunction,0,100,0.01,0.015,Classification,68CPS_DPL0.015,CPS/TreeFarms/Raw/68CPS_DPL0.015.pkl
CPS,69,0.2,0.8,TreeEnsembleQBCFunction,TreeFarmsFunction,0,100,0.01,0.015,Classification,69CPS_DPL0.015,CPS/TreeFarms/Raw/69CPS_DPL0.015.pkl
CPS,69,0.2,0.8,TreeEnsembleQBCFunction,TreeFarmsFunction,1,100,0.01,0.015,Classification,69CPS_UNQ0.015,CPS/TreeFarms/Raw/69CPS_UNQ0.015.pkl
CPS,69,0.2,0.8,TreeEnsembleQBCFunction,RandomForestClassificationFunction,0,100,0.0,0.0,Classification,69CPS_RF0.0,CPS/RandomForestClassification/Raw/69CPS_RF0.0.pkl
CPS,70,0.2,0.8,TreeEnsembleQBCFunction,TreeFarmsFunction,0,100,0.01,0.015,Classification,70CPS_DPL0.015,CPS/TreeFarms/Raw/70CPS_DPL0.015.pkl
CPS,70,0.2,0.8,TreeEnsembleQBCFunction,TreeFarmsFunction,1,100,0.01,0.015,Classification,70CPS_UNQ0.015,CPS/TreeFarms/Raw/70CPS_UNQ0.015.pkl
CPS,70,0.2,0.8,TreeEnsembleQBCFunction,RandomForestClassificationFunction,0,100,0.0,0.0,Classification,70CPS_RF0.0,CPS/RandomForestClassification/Raw/70CPS_RF0.0.pkl
CPS,71,0.2,0.8,TreeEnsembleQBCFunction,TreeFarmsFunction,0,100,0.01,0.015,Classification,71CPS_DPL0.015,CPS/TreeFarms/Raw/71CPS_DPL0.015.pkl
CPS,71,0.2,0.8,TreeEnsembleQBCFunction,TreeFarmsFunction,1,100,0.01,0.015,Classification,71CPS_UNQ0.015,CPS/TreeFarms/Raw/71CPS_UNQ0.015.pkl
CPS,71,0.2,0.8,TreeEnsembleQBCFunction,RandomForestClassificationFunction,0,100,0.0,0.0,Classification,71CPS_RF0.0,CPS/RandomForestClassification/Raw/71CPS_RF0.0.pkl
CPS,72,0.2,0.8,TreeEnsembleQBCFunction,TreeFarmsFunction,0,100,0.01,0.015,Classification,72CPS_DPL0.015,CPS/TreeFarms/Raw/72CPS_DPL0.015.pkl
CPS,72,0.2,0.8,TreeEnsembleQBCFunction,TreeFarmsFunction,1,100,0.01,0.015,Classification,72CPS_UNQ0.015,CPS/TreeFarms/Raw/72CPS_UNQ0.015.pkl
CPS,72,0.2,0.8,TreeEnsembleQBCFunction,RandomForestClassificationFunction,0,100,0.0,0.0,Classification,72CPS_RF0.0,CPS/RandomForestClassification/Raw/72CPS_RF0.0.pkl
CPS,73,0.2,0.8,TreeEnsembleQBCFunction,RandomForestClassificationFunction,0,100,0.0,0.0,Classification,73CPS_RF0.0,CPS/RandomForestClassification/Raw/73CPS_RF0.0.pkl
CPS,73,0.2,0.8,TreeEnsembleQBCFunction,TreeFarmsFunction,0,100,0.01,0.015,Classification,73CPS_DPL0.015,CPS/TreeFarms/Raw/73CPS_DPL0.015.pkl
CPS,73,0.2,0.8,TreeEnsembleQBCFunction,TreeFarmsFunction,1,100,0.01,0.015,Classification,73CPS_UNQ0.015,CPS/TreeFarms/Raw/73CPS_UNQ0.015.pkl
CPS,74,0.2,0.8,TreeEnsembleQBCFunction,RandomForestClassificationFunction,0,100,0.0,0.0,Classification,74CPS_RF0.0,CPS/RandomForestClassification/Raw/74CPS_RF0.0.pkl
CPS,74,0.2,0.8,TreeEnsembleQBCFunction,TreeFarmsFunction,1,100,0.01,0.015,Classification,74CPS_UNQ0.015,CPS/TreeFarms/Raw/74CPS_UNQ0.015.pkl
CPS,74,0.2,0.8,TreeEnsembleQBCFunction,TreeFarmsFunction,0,100,0.01,0.015,Classification,74CPS_DPL0.015,CPS/TreeFarms/Raw/74CPS_DPL0.015.pkl
CPS,75,0.2,0.8,TreeEnsembleQBCFunction,TreeFarmsFunction,1,100,0.01,0.015,Classification,75CPS_UNQ0.015,CPS/TreeFarms/Raw/75CPS_UNQ0.015.pkl
CPS,75,0.2,0.8,TreeEnsembleQBCFunction,RandomForestClassificationFunction,0,100,0.0,0.0,Classification,75CPS_RF0.0,CPS/RandomForestClassification/Raw/75CPS_RF0.0.pkl
CPS,75,0.2,0.8,TreeEnsembleQBCFunction,TreeFarmsFunction,0,100,0.01,0.015,Classification,75CPS_DPL0.015,CPS/TreeFarms/Raw/75CPS_DPL0.015.pkl
CPS,76,0.2,0.8,TreeEnsembleQBCFunction,RandomForestClassificationFunction,0,100,0.0,0.0,Classification,76CPS_RF0.0,CPS/RandomForestClassification/Raw/76CPS_RF0.0.pkl
CPS,76,0.2,0.8,TreeEnsembleQBCFunction,TreeFarmsFunction,0,100,0.01,0.015,Classification,76CPS_DPL0.015,CPS/TreeFarms/Raw/76CPS_DPL0.015.pkl
CPS,76,0.2,0.8,TreeEnsembleQBCFunction,TreeFarmsFunction,1,100,0.01,0.015,Classification,76CPS_UNQ0.015,CPS/TreeFarms/Raw/76CPS_UNQ0.015.pkl
CPS,77,0.2,0.8,TreeEnsembleQBCFunction,RandomForestClassificationFunction,0,100,0.0,0.0,Classification,77CPS_RF0.0,CPS/RandomForestClassification/Raw/77CPS_RF0.0.pkl
CPS,77,0.2,0.8,TreeEnsembleQBCFunction,TreeFarmsFunction,0,100,0.01,0.015,Classification,77CPS_DPL0.015,CPS/TreeFarms/Raw/77CPS_DPL0.015.pkl
CPS,77,0.2,0.8,TreeEnsembleQBCFunction,TreeFarmsFunction,1,100,0.01,0.015,Classification,77CPS_UNQ0.015,CPS/TreeFarms/Raw/77CPS_UNQ0.015.pkl
CPS,78,0.2,0.8,TreeEnsembleQBCFunction,RandomForestClassificationFunction,0,100,0.0,0.0,Classification,78CPS_RF0.0,CPS/RandomForestClassification/Raw/78CPS_RF0.0.pkl
CPS,78,0.2,0.8,TreeEnsembleQBCFunction,TreeFarmsFunction,1,100,0.01,0.015,Classification,78CPS_UNQ0.015,CPS/TreeFarms/Raw/78CPS_UNQ0.015.pkl
CPS,78,0.2,0.8,TreeEnsembleQBCFunction,TreeFarmsFunction,0,100,0.01,0.015,Classification,78CPS_DPL0.015,CPS/TreeFarms/Raw/78CPS_DPL0.015.pkl
CPS,79,0.2,0.8,TreeEnsembleQBCFunction,TreeFarmsFunction,1,100,0.01,0.015,Classification,79CPS_UNQ0.015,CPS/TreeFarms/Raw/79CPS_UNQ0.015.pkl
CPS,79,0.2,0.8,TreeEnsembleQBCFunction,TreeFarmsFunction,0,100,0.01,0.015,Classification,79CPS_DPL0.015,CPS/TreeFarms/Raw/79CPS_DPL0.015.pkl
CPS,79,0.2,0.8,TreeEnsembleQBCFunction,RandomForestClassificationFunction,0,100,0.0,0.0,Classification,79CPS_RF0.0,CPS/RandomForestClassification/Raw/79CPS_RF0.0.pkl
CPS,80,0.2,0.8,TreeEnsembleQBCFunction,TreeFarmsFunction,1,100,0.01,0.015,Classification,80CPS_UNQ0.015,CPS/TreeFarms/Raw/80CPS_UNQ0.015.pkl
CPS,80,0.2,0.8,TreeEnsembleQBCFunction,RandomForestClassificationFunction,0,100,0.0,0.0,Classification,80CPS_RF0.0,CPS/RandomForestClassification/Raw/80CPS_RF0.0.pkl
CPS,80,0.2,0.8,TreeEnsembleQBCFunction,TreeFarmsFunction,0,100,0.01,0.015,Classification,80CPS_DPL0.015,CPS/TreeFarms/Raw/80CPS_DPL0.015.pkl
CPS,81,0.2,0.8,TreeEnsembleQBCFunction,RandomForestClassificationFunction,0,100,0.0,0.0,Classification,81CPS_RF0.0,CPS/RandomForestClassification/Raw/81CPS_RF0.0.pkl
CPS,81,0.2,0.8,TreeEnsembleQBCFunction,TreeFarmsFunction,1,100,0.01,0.015,Classification,81CPS_UNQ0.015,CPS/TreeFarms/Raw/81CPS_UNQ0.015.pkl
CPS,81,0.2,0.8,TreeEnsembleQBCFunction,TreeFarmsFunction,0,100,0.01,0.015,Classification,81CPS_DPL0.015,CPS/TreeFarms/Raw/81CPS_DPL0.015.pkl
CPS,82,0.2,0.8,TreeEnsembleQBCFunction,RandomForestClassificationFunction,0,100,0.0,0.0,Classification,82CPS_RF0.0,CPS/RandomForestClassification/Raw/82CPS_RF0.0.pkl
CPS,82,0.2,0.8,TreeEnsembleQBCFunction,TreeFarmsFunction,0,100,0.01,0.015,Classification,82CPS_DPL0.015,CPS/TreeFarms/Raw/82CPS_DPL0.015.pkl
CPS,82,0.2,0.8,TreeEnsembleQBCFunction,TreeFarmsFunction,1,100,0.01,0.015,Classification,82CPS_UNQ0.015,CPS/TreeFarms/Raw/82CPS_UNQ0.015.pkl
CPS,83,0.2,0.8,TreeEnsembleQBCFunction,TreeFarmsFunction,0,100,0.01,0.015,Classification,83CPS_DPL0.015,CPS/TreeFarms/Raw/83CPS_DPL0.015.pkl
CPS,83,0.2,0.8,TreeEnsembleQBCFunction,RandomForestClassificationFunction,0,100,0.0,0.0,Classification,83CPS_RF0.0,CPS/RandomForestClassification/Raw/83CPS_RF0.0.pkl
CPS,83,0.2,0.8,TreeEnsembleQBCFunction,TreeFarmsFunction,1,100,0.01,0.015,Classification,83CPS_UNQ0.015,CPS/TreeFarms/Raw/83CPS_UNQ0.015.pkl
CPS,84,0.2,0.8,TreeEnsembleQBCFunction,TreeFarmsFunction,1,100,0.01,0.015,Classification,84CPS_UNQ0.015,CPS/TreeFarms/Raw/84CPS_UNQ0.015.pkl
CPS,84,0.2,0.8,TreeEnsembleQBCFunction,TreeFarmsFunction,0,100,0.01,0.015,Classification,84CPS_DPL0.015,CPS/TreeFarms/Raw/84CPS_DPL0.015.pkl
CPS,84,0.2,0.8,TreeEnsembleQBCFunction,RandomForestClassificationFunction,0,100,0.0,0.0,Classification,84CPS_RF0.0,CPS/RandomForestClassification/Raw/84CPS_RF0.0.pkl
CPS,85,0.2,0.8,TreeEnsembleQBCFunction,TreeFarmsFunction,0,100,0.01,0.015,Classification,85CPS_DPL0.015,CPS/TreeFarms/Raw/85CPS_DPL0.015.pkl
CPS,85,0.2,0.8,TreeEnsembleQBCFunction,RandomForestClassificationFunction,0,100,0.0,0.0,Classification,85CPS_RF0.0,CPS/RandomForestClassification/Raw/85CPS_RF0.0.pkl
CPS,85,0.2,0.8,TreeEnsembleQBCFunction,TreeFarmsFunction,1,100,0.01,0.015,Classification,85CPS_UNQ0.015,CPS/TreeFarms/Raw/85CPS_UNQ0.015.pkl
CPS,86,0.2,0.8,TreeEnsembleQBCFunction,TreeFarmsFunction,0,100,0.01,0.015,Classification,86CPS_DPL0.015,CPS/TreeFarms/Raw/86CPS_DPL0.015.pkl
CPS,86,0.2,0.8,TreeEnsembleQBCFunction,TreeFarmsFunction,1,100,0.01,0.015,Classification,86CPS_UNQ0.015,CPS/TreeFarms/Raw/86CPS_UNQ0.015.pkl
CPS,86,0.2,0.8,TreeEnsembleQBCFunction,RandomForestClassificationFunction,0,100,0.0,0.0,Classification,86CPS_RF0.0,CPS/RandomForestClassification/Raw/86CPS_RF0.0.pkl
CPS,87,0.2,0.8,TreeEnsembleQBCFunction,TreeFarmsFunction,0,100,0.01,0.015,Classification,87CPS_DPL0.015,CPS/TreeFarms/Raw/87CPS_DPL0.015.pkl
CPS,87,0.2,0.8,TreeEnsembleQBCFunction,TreeFarmsFunction,1,100,0.01,0.015,Classification,87CPS_UNQ0.015,CPS/TreeFarms/Raw/87CPS_UNQ0.015.pkl
CPS,87,0.2,0.8,TreeEnsembleQBCFunction,RandomForestClassificationFunction,0,100,0.0,0.0,Classification,87CPS_RF0.0,CPS/RandomForestClassification/Raw/87CPS_RF0.0.pkl
CPS,88,0.2,0.8,TreeEnsembleQBCFunction,RandomForestClassificationFunction,0,100,0.0,0.0,Classification,88CPS_RF0.0,CPS/RandomForestClassification/Raw/88CPS_RF0.0.pkl
CPS,88,0.2,0.8,TreeEnsembleQBCFunction,TreeFarmsFunction,1,100,0.01,0.015,Classification,88CPS_UNQ0.015,CPS/TreeFarms/Raw/88CPS_UNQ0.015.pkl
CPS,88,0.2,0.8,TreeEnsembleQBCFunction,TreeFarmsFunction,0,100,0.01,0.015,Classification,88CPS_DPL0.015,CPS/TreeFarms/Raw/88CPS_DPL0.015.pkl
CPS,89,0.2,0.8,TreeEnsembleQBCFunction,RandomForestClassificationFunction,0,100,0.0,0.0,Classification,89CPS_RF0.0,CPS/RandomForestClassification/Raw/89CPS_RF0.0.pkl
CPS,89,0.2,0.8,TreeEnsembleQBCFunction,TreeFarmsFunction,1,100,0.01,0.015,Classification,89CPS_UNQ0.015,CPS/TreeFarms/Raw/89CPS_UNQ0.015.pkl
CPS,89,0.2,0.8,TreeEnsembleQBCFunction,TreeFarmsFunction,0,100,0.01,0.015,Classification,89CPS_DPL0.015,CPS/TreeFarms/Raw/89CPS_DPL0.015.pkl
CPS,90,0.2,0.8,TreeEnsembleQBCFunction,RandomForestClassificationFunction,0,100,0.0,0.0,Classification,90CPS_RF0.0,CPS/RandomForestClassification/Raw/90CPS_RF0.0.pkl
CPS,90,0.2,0.8,TreeEnsembleQBCFunction,TreeFarmsFunction,0,100,0.01,0.015,Classification,90CPS_DPL0.015,CPS/TreeFarms/Raw/90CPS_DPL0.015.pkl
CPS,90,0.2,0.8,TreeEnsembleQBCFunction,TreeFarmsFunction,1,100,0.01,0.015,Classification,90CPS_UNQ0.015,CPS/TreeFarms/Raw/90CPS_UNQ0.015.pkl
CPS,91,0.2,0.8,TreeEnsembleQBCFunction,TreeFarmsFunction,0,100,0.01,0.015,Classification,91CPS_DPL0.015,CPS/TreeFarms/Raw/91CPS_DPL0.015.pkl
CPS,91,0.2,0.8,TreeEnsembleQBCFunction,RandomForestClassificationFunction,0,100,0.0,0.0,Classification,91CPS_RF0.0,CPS/RandomForestClassification/Raw/91CPS_RF0.0.pkl
CPS,91,0.2,0.8,TreeEnsembleQBCFunction,TreeFarmsFunction,1,100,0.01,0.015,Classification,91CPS_UNQ0.015,CPS/TreeFarms/Raw/91CPS_UNQ0.015.pkl
CPS,92,0.2,0.8,TreeEnsembleQBCFunction,TreeFarmsFunction,0,100,0.01,0.015,Classification,92CPS_DPL0.015,CPS/TreeFarms/Raw/92CPS_DPL0.015.pkl
CPS,92,0.2,0.8,TreeEnsembleQBCFunction,TreeFarmsFunction,1,100,0.01,0.015,Classification,92CPS_UNQ0.015,CPS/TreeFarms/Raw/92CPS_UNQ0.015.pkl
CPS,92,0.2,0.8,TreeEnsembleQBCFunction,RandomForestClassificationFunction,0,100,0.0,0.0,Classification,92CPS_RF0.0,CPS/RandomForestClassification/Raw/92CPS_RF0.0.pkl
CPS,93,0.2,0.8,TreeEnsembleQBCFunction,TreeFarmsFunction,0,100,0.01,0.015,Classification,93CPS_DPL0.015,CPS/TreeFarms/Raw/93CPS_DPL0.015.pkl
CPS,93,0.2,0.8,TreeEnsembleQBCFunction,TreeFarmsFunction,1,100,0.01,0.015,Classification,93CPS_UNQ0.015,CPS/TreeFarms/Raw/93CPS_UNQ0.015.pkl
CPS,93,0.2,0.8,TreeEnsembleQBCFunction,RandomForestClassificationFunction,0,100,0.0,0.0,Classification,93CPS_RF0.0,CPS/RandomForestClassification/Raw/93CPS_RF0.0.pkl
CPS,94,0.2,0.8,TreeEnsembleQBCFunction,RandomForestClassificationFunction,0,100,0.0,0.0,Classification,94CPS_RF0.0,CPS/RandomForestClassification/Raw/94CPS_RF0.0.pkl
CPS,94,0.2,0.8,TreeEnsembleQBCFunction,TreeFarmsFunction,0,100,0.01,0.015,Classification,94CPS_DPL0.015,CPS/TreeFarms/Raw/94CPS_DPL0.015.pkl
CPS,94,0.2,0.8,TreeEnsembleQBCFunction,TreeFarmsFunction,1,100,0.01,0.015,Classification,94CPS_UNQ0.015,CPS/TreeFarms/Raw/94CPS_UNQ0.015.pkl
CPS,95,0.2,0.8,TreeEnsembleQBCFunction,TreeFarmsFunction,1,100,0.01,0.015,Classification,95CPS_UNQ0.015,CPS/TreeFarms/Raw/95CPS_UNQ0.015.pkl
CPS,95,0.2,0.8,TreeEnsembleQBCFunction,TreeFarmsFunction,0,100,0.01,0.015,Classification,95CPS_DPL0.015,CPS/TreeFarms/Raw/95CPS_DPL0.015.pkl
CPS,95,0.2,0.8,TreeEnsembleQBCFunction,RandomForestClassificationFunction,0,100,0.0,0.0,Classification,95CPS_RF0.0,CPS/RandomForestClassification/Raw/95CPS_RF0.0.pkl
CPS,96,0.2,0.8,TreeEnsembleQBCFunction,TreeFarmsFunction,1,100,0.01,0.015,Classification,96CPS_UNQ0.015,CPS/TreeFarms/Raw/96CPS_UNQ0.015.pkl
CPS,96,0.2,0.8,TreeEnsembleQBCFunction,TreeFarmsFunction,0,100,0.01,0.015,Classification,96CPS_DPL0.015,CPS/TreeFarms/Raw/96CPS_DPL0.015.pkl
CPS,96,0.2,0.8,TreeEnsembleQBCFunction,RandomForestClassificationFunction,0,100,0.0,0.0,Classification,96CPS_RF0.0,CPS/RandomForestClassification/Raw/96CPS_RF0.0.pkl
CPS,97,0.2,0.8,TreeEnsembleQBCFunction,TreeFarmsFunction,1,100,0.01,0.015,Classification,97CPS_UNQ0.015,CPS/TreeFarms/Raw/97CPS_UNQ0.015.pkl
CPS,97,0.2,0.8,TreeEnsembleQBCFunction,TreeFarmsFunction,0,100,0.01,0.015,Classification,97CPS_DPL0.015,CPS/TreeFarms/Raw/97CPS_DPL0.015.pkl
CPS,97,0.2,0.8,TreeEnsembleQBCFunction,RandomForestClassificationFunction,0,100,0.0,0.0,Classification,97CPS_RF0.0,CPS/RandomForestClassification/Raw/97CPS_RF0.0.pkl
CPS,98,0.2,0.8,TreeEnsembleQBCFunction,TreeFarmsFunction,0,100,0.01,0.015,Classification,98CPS_DPL0.015,CPS/TreeFarms/Raw/98CPS_DPL0.015.pkl
CPS,98,0.2,0.8,TreeEnsembleQBCFunction,RandomForestClassificationFunction,0,100,0.0,0.0,Classification,98CPS_RF0.0,CPS/RandomForestClassification/Raw/98CPS_RF0.0.pkl
CPS,98,0.2,0.8,TreeEnsembleQBCFunction,TreeFarmsFunction,1,100,0.01,0.015,Classification,98CPS_UNQ0.015,CPS/TreeFarms/Raw/98CPS_UNQ0.015.pkl
CPS,99,0.2,0.8,TreeEnsembleQBCFunction,TreeFarmsFunction,0,100,0.01,0.015,Classification,99CPS_DPL0.015,CPS/TreeFarms/Raw/99CPS_DPL0.015.pkl
CPS,99,0.2,0.8,TreeEnsembleQBCFunction,TreeFarmsFunction,1,100,0.01,0.015,Classification,99CPS_UNQ0.015,CPS/TreeFarms/Raw/99CPS_UNQ0.015.pkl
CPS,99,0.2,0.8,TreeEnsembleQBCFunction,RandomForestClassificationFunction,0,100,0.0,0.0,Classification,99CPS_RF0.0,CPS/RandomForestClassification/Raw/99CPS_RF0.0.pkl
